"doi","year","journal"
"10.1037/0003-066x.60.8.750",2005,"American Psychologist"
"10.1037/0003-066x.60.8.750",2005,"American Psychologist"
"10.1037/0003-066x.60.8.750",2005,"American Psychologist"
"10.1037/0003-066x.60.8.869a",2005,"American Psychologist"
"10.1037/0003-066x.60.8.869a",2005,"American Psychologist"
"10.1037/0003-066x.60.8.869a",2005,"American Psychologist"
"10.1037/0003-066x.60.8.882",2005,"American Psychologist"
"10.1037/0003-066x.60.8.882",2005,"American Psychologist"
"10.1037/0003-066x.60.8.882",2005,"American Psychologist"
"10.1037/0003-066x.60.8.883",2005,"American Psychologist"
"10.1037/0003-066x.60.8.883",2005,"American Psychologist"
"10.1037/0003-066x.60.8.883",2005,"American Psychologist"
"10.1037/0008-400x.26.1.1",1994,"Canadian Journal of Behavioural Science/Revue canadienne des sciences du comportement"
"10.1037/0008-400x.26.1.1",1994,"Canadian Journal of Behavioural Science/Revue canadienne des sciences du comportement"
"10.1037/0008-400x.26.1.1",1994,"Canadian Journal of Behavioural Science/Revue canadienne des sciences du comportement"
"10.1037/0008-400x.26.1.1",1994,"Canadian Journal of Behavioural Science/Revue canadienne des sciences du comportement"
"10.1037/0008-400x.26.1.1",1994,"Canadian Journal of Behavioural Science/Revue canadienne des sciences du comportement"
"10.1037/0008-400x.26.1.1",1994,"Canadian Journal of Behavioural Science/Revue canadienne des sciences du comportement"
"10.1037/0008-400x.26.1.1",1994,"Canadian Journal of Behavioural Science/Revue canadienne des sciences du comportement"
"10.1037/0008-400x.26.1.1",1994,"Canadian Journal of Behavioural Science/Revue canadienne des sciences du comportement"
"10.1037/0008-400x.26.1.1",1994,"Canadian Journal of Behavioural Science/Revue canadienne des sciences du comportement"
"10.1037/0008-400x.26.1.1",1994,"Canadian Journal of Behavioural Science/Revue canadienne des sciences du comportement"
"10.1037/0008-400x.26.1.1",1994,"Canadian Journal of Behavioural Science/Revue canadienne des sciences du comportement"
"10.1037/0008-400x.26.1.1",1994,"Canadian Journal of Behavioural Science/Revue canadienne des sciences du comportement"
"10.1037/0008-400x.26.1.1",1994,"Canadian Journal of Behavioural Science/Revue canadienne des sciences du comportement"
"10.1037/0008-400x.26.1.1",1994,"Canadian Journal of Behavioural Science/Revue canadienne des sciences du comportement"
"10.1037/0008-400x.28.1.1",1996,"Canadian Journal of Behavioural Science / Revue canadienne des sciences du comportement"
"10.1037/0008-400x.28.1.1",1996,"Canadian Journal of Behavioural Science / Revue canadienne des sciences du comportement"
"10.1037/0008-400x.28.1.1",1996,"Canadian Journal of Behavioural Science / Revue canadienne des sciences du comportement"
"10.1037/0008-400x.28.1.1",1996,"Canadian Journal of Behavioural Science / Revue canadienne des sciences du comportement"
"10.1037/0008-400x.28.1.1",1996,"Canadian Journal of Behavioural Science / Revue canadienne des sciences du comportement"
"10.1037/0008-400x.28.1.1",1996,"Canadian Journal of Behavioural Science / Revue canadienne des sciences du comportement"
"10.1037/0008-400x.28.1.1",1996,"Canadian Journal of Behavioural Science / Revue canadienne des sciences du comportement"
"10.1037/0008-400x.28.1.1",1996,"Canadian Journal of Behavioural Science / Revue canadienne des sciences du comportement"
"10.1037/0008-400x.28.1.1",1996,"Canadian Journal of Behavioural Science / Revue canadienne des sciences du comportement"
"10.1037/0008-400x.28.1.1",1996,"Canadian Journal of Behavioural Science / Revue canadienne des sciences du comportement"
"10.1037/0008-400x.28.1.1",1996,"Canadian Journal of Behavioural Science / Revue canadienne des sciences du comportement"
"10.1037/0008-400x.28.1.1",1996,"Canadian Journal of Behavioural Science / Revue canadienne des sciences du comportement"
"10.1037/0008-400x.28.1.1",1996,"Canadian Journal of Behavioural Science / Revue canadienne des sciences du comportement"
"10.1037/0008-400x.28.1.1",1996,"Canadian Journal of Behavioural Science / Revue canadienne des sciences du comportement"
"10.1037/0008-400x.28.1.1",1996,"Canadian Journal of Behavioural Science / Revue canadienne des sciences du comportement"
"10.1037/0008-400x.28.1.1",1996,"Canadian Journal of Behavioural Science / Revue canadienne des sciences du comportement"
"10.1037/0008-400x.28.1.1",1996,"Canadian Journal of Behavioural Science / Revue canadienne des sciences du comportement"
"10.1037/0008-400x.28.1.1",1996,"Canadian Journal of Behavioural Science / Revue canadienne des sciences du comportement"
"10.1037/0008-400x.28.1.1",1996,"Canadian Journal of Behavioural Science / Revue canadienne des sciences du comportement"
"10.1037/0021-843x.100.1.5",1991,"Journal of Abnormal Psychology"
"10.1037/0021-843x.100.1.5",1991,"Journal of Abnormal Psychology"
"10.1037/0021-843x.100.1.5",1991,"Journal of Abnormal Psychology"
"10.1037/0021-843x.100.1.5",1991,"Journal of Abnormal Psychology"
"10.1037/0021-843x.100.1.5",1991,"Journal of Abnormal Psychology"
"10.1037/0021-843x.100.1.5",1991,"Journal of Abnormal Psychology"
"10.1037/0021-843x.100.1.5",1991,"Journal of Abnormal Psychology"
"10.1037/0021-843x.100.1.5",1991,"Journal of Abnormal Psychology"
"10.1037/0021-843x.100.1.5",1991,"Journal of Abnormal Psychology"
"10.1037/0021-843x.100.1.5",1991,"Journal of Abnormal Psychology"
"10.1037/0021-843x.100.1.5",1991,"Journal of Abnormal Psychology"
"10.1037/0021-843x.100.1.5",1991,"Journal of Abnormal Psychology"
"10.1037/0021-843x.100.1.5",1991,"Journal of Abnormal Psychology"
"10.1037/0021-843x.101.1.3",1992,"Journal of Abnormal Psychology"
"10.1037/0021-843x.101.1.3",1992,"Journal of Abnormal Psychology"
"10.1037/0021-843x.101.1.3",1992,"Journal of Abnormal Psychology"
"10.1037/0021-843x.101.1.3",1992,"Journal of Abnormal Psychology"
"10.1037/0021-843x.101.1.3",1992,"Journal of Abnormal Psychology"
"10.1037/0021-843x.101.1.3",1992,"Journal of Abnormal Psychology"
"10.1037/0021-843x.101.1.3",1992,"Journal of Abnormal Psychology"
"10.1037/0021-843x.102.1.3",1993,"Journal of Abnormal Psychology"
"10.1037/0021-843x.102.1.3",1993,"Journal of Abnormal Psychology"
"10.1037/0021-843x.102.1.3",1993,"Journal of Abnormal Psychology"
"10.1037/0021-843x.102.1.3",1993,"Journal of Abnormal Psychology"
"10.1037/0021-843x.102.1.3",1993,"Journal of Abnormal Psychology"
"10.1037/0021-843x.102.1.3",1993,"Journal of Abnormal Psychology"
"10.1037/0021-843x.102.1.3",1993,"Journal of Abnormal Psychology"
"10.1037/0021-843x.102.1.3",1993,"Journal of Abnormal Psychology"
"10.1037/0021-843x.102.1.3",1993,"Journal of Abnormal Psychology"
"10.1037/0021-843x.102.1.3",1993,"Journal of Abnormal Psychology"
"10.1037/0021-843x.102.1.3",1993,"Journal of Abnormal Psychology"
"10.1037/0021-843x.102.1.3",1993,"Journal of Abnormal Psychology"
"10.1037/0021-843x.102.1.3",1993,"Journal of Abnormal Psychology"
"10.1037/0021-843x.102.1.3",1993,"Journal of Abnormal Psychology"
"10.1037/0021-843x.102.1.3",1993,"Journal of Abnormal Psychology"
"10.1037/0021-843x.102.1.3",1993,"Journal of Abnormal Psychology"
"10.1037/0021-843x.102.1.3",1993,"Journal of Abnormal Psychology"
"10.1037/0021-843x.102.1.3",1993,"Journal of Abnormal Psychology"
"10.1037/0021-843x.102.1.3",1993,"Journal of Abnormal Psychology"
"10.1037/0021-843x.102.1.3",1993,"Journal of Abnormal Psychology"
"10.1037/0021-843x.105.1.3",1996,"Journal of Abnormal Psychology"
"10.1037/0021-843x.105.1.3",1996,"Journal of Abnormal Psychology"
"10.1037/0021-843x.105.1.3",1996,"Journal of Abnormal Psychology"
"10.1037/0021-843x.105.1.3",1996,"Journal of Abnormal Psychology"
"10.1037/0021-843x.105.1.3",1996,"Journal of Abnormal Psychology"
"10.1037/0021-843x.105.1.3",1996,"Journal of Abnormal Psychology"
"10.1037/0021-843x.105.1.3",1996,"Journal of Abnormal Psychology"
"10.1037/0021-843x.105.1.3",1996,"Journal of Abnormal Psychology"
"10.1037/0021-843x.105.1.3",1996,"Journal of Abnormal Psychology"
"10.1037/0021-843x.105.1.3",1996,"Journal of Abnormal Psychology"
"10.1037/0021-843x.105.1.3",1996,"Journal of Abnormal Psychology"
"10.1037/0021-843x.105.1.3",1996,"Journal of Abnormal Psychology"
"10.1037/0021-843x.105.1.3",1996,"Journal of Abnormal Psychology"
"10.1037/0021-843x.105.1.3",1996,"Journal of Abnormal Psychology"
"10.1037/0021-843x.105.1.3",1996,"Journal of Abnormal Psychology"
"10.1037/0021-843x.107.1.3",1998,"Journal of Abnormal Psychology"
"10.1037/0021-843x.109.1.11",2000,"Journal of Abnormal Psychology"
"10.1037/0021-843x.109.1.11",2000,"Journal of Abnormal Psychology"
"10.1037/0021-843x.109.1.11",2000,"Journal of Abnormal Psychology"
"10.1037/0021-843x.109.1.11",2000,"Journal of Abnormal Psychology"
"10.1037/0021-843x.109.1.11",2000,"Journal of Abnormal Psychology"
"10.1037/0021-843x.112.1.14",2003,"Journal of Abnormal Psychology"
"10.1037/0021-843x.112.1.14",2003,"Journal of Abnormal Psychology"
"10.1037/0021-843x.112.1.14",2003,"Journal of Abnormal Psychology"
"10.1037/0021-843x.112.1.3",2003,"Journal of Abnormal Psychology"
"10.1037/0021-843x.112.1.3",2003,"Journal of Abnormal Psychology"
"10.1037/0021-843x.116.1.16",2007,"Journal of Abnormal Psychology"
"10.1037/0021-843x.116.1.16",2007,"Journal of Abnormal Psychology"
"10.1037/0021-843x.116.1.16",2007,"Journal of Abnormal Psychology"
"10.1037/0021-843x.116.1.16",2007,"Journal of Abnormal Psychology"
"10.1037/0021-843x.116.1.16",2007,"Journal of Abnormal Psychology"
"10.1037/0021-843x.116.1.16",2007,"Journal of Abnormal Psychology"
"10.1037/0021-843x.116.1.16",2007,"Journal of Abnormal Psychology"
"10.1037/0021-843x.116.1.16",2007,"Journal of Abnormal Psychology"
"10.1037/0021-843x.116.1.16",2007,"Journal of Abnormal Psychology"
"10.1037/0021-843x.116.1.16",2007,"Journal of Abnormal Psychology"
"10.1037/0021-843x.116.1.16",2007,"Journal of Abnormal Psychology"
"10.1037/0021-843x.116.1.16",2007,"Journal of Abnormal Psychology"
"10.1037/0021-843x.116.1.16",2007,"Journal of Abnormal Psychology"
"10.1037/0021-843x.116.1.1",2007,"Journal of Abnormal Psychology"
"10.1037/0021-843x.116.1.1",2007,"Journal of Abnormal Psychology"
"10.1037/0021-843x.116.1.1",2007,"Journal of Abnormal Psychology"
"10.1037/0021-843x.116.1.1",2007,"Journal of Abnormal Psychology"
"10.1037/0021-843x.116.1.1",2007,"Journal of Abnormal Psychology"
"10.1037/0021-843x.116.1.1",2007,"Journal of Abnormal Psychology"
"10.1037/0021-843x.116.1.1",2007,"Journal of Abnormal Psychology"
"10.1037/0021-843x.116.1.1",2007,"Journal of Abnormal Psychology"
"10.1037/0021-843x.116.1.1",2007,"Journal of Abnormal Psychology"
"10.1037/0021-843x.116.1.1",2007,"Journal of Abnormal Psychology"
"10.1037/0021-843x.116.1.1",2007,"Journal of Abnormal Psychology"
"10.1037/0021-843x.116.1.1",2007,"Journal of Abnormal Psychology"
"10.1037/0021-843x.116.1.1",2007,"Journal of Abnormal Psychology"
"10.1037/0021-843x.116.1.1",2007,"Journal of Abnormal Psychology"
"10.1037/0021-843x.116.1.1",2007,"Journal of Abnormal Psychology"
"10.1037/0021-843x.116.1.1",2007,"Journal of Abnormal Psychology"
"10.1037/0021-843x.116.1.1",2007,"Journal of Abnormal Psychology"
"10.1037/0021-843x.116.1.1",2007,"Journal of Abnormal Psychology"
"10.1037/0021-843x.116.1.1",2007,"Journal of Abnormal Psychology"
"10.1037/0021-843x.116.1.1",2007,"Journal of Abnormal Psychology"
"10.1037/0021-843x.116.1.1",2007,"Journal of Abnormal Psychology"
"10.1037/0021-843x.116.1.1",2007,"Journal of Abnormal Psychology"
"10.1037/0021-843x.116.1.1",2007,"Journal of Abnormal Psychology"
"10.1037/0021-843x.116.1.1",2007,"Journal of Abnormal Psychology"
"10.1037/0021-843x.116.1.1",2007,"Journal of Abnormal Psychology"
"10.1037/0021-843x.116.1.1",2007,"Journal of Abnormal Psychology"
"10.1037/0021-843x.116.1.1",2007,"Journal of Abnormal Psychology"
"10.1037/0021-843x.116.1.1",2007,"Journal of Abnormal Psychology"
"10.1037/0021-843x.117.1.16",2008,"Journal of Abnormal Psychology"
"10.1037/0021-843x.117.1.16",2008,"Journal of Abnormal Psychology"
"10.1037/0021-843x.117.1.16",2008,"Journal of Abnormal Psychology"
"10.1037/0021-843x.117.1.16",2008,"Journal of Abnormal Psychology"
"10.1037/0021-843x.117.1.16",2008,"Journal of Abnormal Psychology"
"10.1037/0021-843x.117.1.16",2008,"Journal of Abnormal Psychology"
"10.1037/0021-843x.117.1.16",2008,"Journal of Abnormal Psychology"
"10.1037/0021-843x.117.1.16",2008,"Journal of Abnormal Psychology"
"10.1037/0021-843x.117.1.16",2008,"Journal of Abnormal Psychology"
"10.1037/0021-843x.117.1.16",2008,"Journal of Abnormal Psychology"
"10.1037/0021-843x.117.1.16",2008,"Journal of Abnormal Psychology"
"10.1037/0021-843x.117.1.16",2008,"Journal of Abnormal Psychology"
"10.1037/0021-843x.117.1.16",2008,"Journal of Abnormal Psychology"
"10.1037/0021-843x.117.1.16",2008,"Journal of Abnormal Psychology"
"10.1037/0021-843x.117.1.16",2008,"Journal of Abnormal Psychology"
"10.1037/0021-843x.117.1.16",2008,"Journal of Abnormal Psychology"
"10.1037/0021-843x.117.1.1",2008,"Journal of Abnormal Psychology"
"10.1037/0021-843x.117.1.1",2008,"Journal of Abnormal Psychology"
"10.1037/0021-843x.117.1.1",2008,"Journal of Abnormal Psychology"
"10.1037/0021-843x.117.1.1",2008,"Journal of Abnormal Psychology"
"10.1037/0021-843x.117.1.1",2008,"Journal of Abnormal Psychology"
"10.1037/0021-843x.117.1.1",2008,"Journal of Abnormal Psychology"
"10.1037/0021-843x.117.1.1",2008,"Journal of Abnormal Psychology"
"10.1037/0021-843x.117.1.1",2008,"Journal of Abnormal Psychology"
"10.1037/0021-843x.117.1.1",2008,"Journal of Abnormal Psychology"
"10.1037/0021-843x.117.1.1",2008,"Journal of Abnormal Psychology"
"10.1037/0021-843x.117.1.1",2008,"Journal of Abnormal Psychology"
"10.1037/0021-843x.117.1.1",2008,"Journal of Abnormal Psychology"
"10.1037/0021-843x.117.1.1",2008,"Journal of Abnormal Psychology"
"10.1037/0021-843x.117.1.1",2008,"Journal of Abnormal Psychology"
"10.1037/0021-843x.117.1.1",2008,"Journal of Abnormal Psychology"
"10.1037/0021-843x.117.1.1",2008,"Journal of Abnormal Psychology"
"10.1037/0021-843x.117.1.1",2008,"Journal of Abnormal Psychology"
"10.1037/0021-843x.117.1.1",2008,"Journal of Abnormal Psychology"
"10.1037/0021-843x.117.1.1",2008,"Journal of Abnormal Psychology"
"10.1037/0021-843x.117.1.1",2008,"Journal of Abnormal Psychology"
"10.1037/0021-843x.117.1.1",2008,"Journal of Abnormal Psychology"
"10.1037/0021-843x.117.1.1",2008,"Journal of Abnormal Psychology"
"10.1037/0021-843x.117.1.1",2008,"Journal of Abnormal Psychology"
"10.1037/0021-843x.117.1.1",2008,"Journal of Abnormal Psychology"
"10.1037/0021-843x.117.1.1",2008,"Journal of Abnormal Psychology"
"10.1037/0021-843x.117.1.1",2008,"Journal of Abnormal Psychology"
"10.1037/0021-843x.117.1.1",2008,"Journal of Abnormal Psychology"
"10.1037/0021-843x.117.1.1",2008,"Journal of Abnormal Psychology"
"10.1037/0021-843x.117.1.1",2008,"Journal of Abnormal Psychology"
"10.1037/0021-843x.117.1.1",2008,"Journal of Abnormal Psychology"
"10.1037/0021-843x.117.1.1",2008,"Journal of Abnormal Psychology"
"10.1037/0021-843x.117.1.1",2008,"Journal of Abnormal Psychology"
"10.1037/0021-843x.117.1.1",2008,"Journal of Abnormal Psychology"
"10.1037/0021-843x.117.1.1",2008,"Journal of Abnormal Psychology"
"10.1037/0021-843x.117.1.1",2008,"Journal of Abnormal Psychology"
"10.1037/0021-843x.117.1.1",2008,"Journal of Abnormal Psychology"
"10.1037/0021-843x.117.1.1",2008,"Journal of Abnormal Psychology"
"10.1037/0021-843x.117.1.1",2008,"Journal of Abnormal Psychology"
"10.1037/0021-843x.117.1.1",2008,"Journal of Abnormal Psychology"
"10.1037/0021-843x.117.1.1",2008,"Journal of Abnormal Psychology"
"10.1037/0021-843x.117.1.1",2008,"Journal of Abnormal Psychology"
"10.1037/0021-843x.117.1.1",2008,"Journal of Abnormal Psychology"
"10.1037/0021-843x.117.1.1",2008,"Journal of Abnormal Psychology"
"10.1037/0021-843x.117.1.1",2008,"Journal of Abnormal Psychology"
"10.1037/0021-843x.117.1.1",2008,"Journal of Abnormal Psychology"
"10.1037/0021-843x.117.1.1",2008,"Journal of Abnormal Psychology"
"10.1037/0021-843x.117.1.1",2008,"Journal of Abnormal Psychology"
"10.1037/0021-843x.117.1.1",2008,"Journal of Abnormal Psychology"
"10.1037/0021-843x.117.1.1",2008,"Journal of Abnormal Psychology"
"10.1037/0021-843x.117.1.1",2008,"Journal of Abnormal Psychology"
"10.1037/0021-843x.94.1.3",1985,"Journal of Abnormal Psychology"
"10.1037/0021-843x.94.1.3",1985,"Journal of Abnormal Psychology"
"10.1037/0021-843x.94.1.3",1985,"Journal of Abnormal Psychology"
"10.1037/0021-843x.94.1.3",1985,"Journal of Abnormal Psychology"
"10.1037/0021-843x.94.1.3",1985,"Journal of Abnormal Psychology"
"10.1037/0021-843x.94.1.3",1985,"Journal of Abnormal Psychology"
"10.1037/0021-843x.94.1.3",1985,"Journal of Abnormal Psychology"
"10.1037/0021-843x.94.1.3",1985,"Journal of Abnormal Psychology"
"10.1037/0021-843x.94.1.3",1985,"Journal of Abnormal Psychology"
"10.1037/0021-843x.94.1.3",1985,"Journal of Abnormal Psychology"
"10.1037/0021-843x.94.1.3",1985,"Journal of Abnormal Psychology"
"10.1037/0021-843x.94.1.3",1985,"Journal of Abnormal Psychology"
"10.1037/0021-843x.94.1.3",1985,"Journal of Abnormal Psychology"
"10.1037/0021-843x.94.1.3",1985,"Journal of Abnormal Psychology"
"10.1037/0021-843x.94.1.3",1985,"Journal of Abnormal Psychology"
"10.1037/0021-843x.94.1.3",1985,"Journal of Abnormal Psychology"
"10.1037/0021-843x.94.1.3",1985,"Journal of Abnormal Psychology"
"10.1037/0021-843x.95.1.6",1986,"Journal of Abnormal Psychology"
"10.1037/0021-843x.95.1.6",1986,"Journal of Abnormal Psychology"
"10.1037/0021-843x.95.1.6",1986,"Journal of Abnormal Psychology"
"10.1037/0021-843x.95.1.6",1986,"Journal of Abnormal Psychology"
"10.1037/0021-843x.95.1.6",1986,"Journal of Abnormal Psychology"
"10.1037/0021-843x.95.1.6",1986,"Journal of Abnormal Psychology"
"10.1037/0021-843x.95.1.6",1986,"Journal of Abnormal Psychology"
"10.1037/0021-843x.95.1.6",1986,"Journal of Abnormal Psychology"
"10.1037/0021-843x.95.1.6",1986,"Journal of Abnormal Psychology"
"10.1037/0021-843x.95.1.6",1986,"Journal of Abnormal Psychology"
"10.1037/0021-843x.95.1.6",1986,"Journal of Abnormal Psychology"
"10.1037/0021-843x.95.1.6",1986,"Journal of Abnormal Psychology"
"10.1037/0021-843x.96.1.3",1987,"Journal of Abnormal Psychology"
"10.1037/0021-843x.96.1.3",1987,"Journal of Abnormal Psychology"
"10.1037/0021-843x.99.1.3",1990,"Journal of Abnormal Psychology"
"10.1037/0021-843x.99.1.3",1990,"Journal of Abnormal Psychology"
"10.1037/0021-843x.99.1.3",1990,"Journal of Abnormal Psychology"
"10.1037/0021-843x.99.1.3",1990,"Journal of Abnormal Psychology"
"10.1037/0021-843x.99.1.3",1990,"Journal of Abnormal Psychology"
"10.1037/0021-843x.99.1.3",1990,"Journal of Abnormal Psychology"
"10.1037/0021-843x.99.1.3",1990,"Journal of Abnormal Psychology"
"10.1037/0021-843x.99.1.3",1990,"Journal of Abnormal Psychology"
"10.1037/0021-843x.99.1.3",1990,"Journal of Abnormal Psychology"
"10.1037/0021-843x.99.1.3",1990,"Journal of Abnormal Psychology"
"10.1037/0021-843x.99.1.3",1990,"Journal of Abnormal Psychology"
"10.1037/0021-843x.99.1.3",1990,"Journal of Abnormal Psychology"
"10.1037/0021-843x.99.1.3",1990,"Journal of Abnormal Psychology"
"10.1037/0021-843x.99.1.3",1990,"Journal of Abnormal Psychology"
"10.1037/0021-843x.99.1.3",1990,"Journal of Abnormal Psychology"
"10.1037/0021-843x.99.1.3",1990,"Journal of Abnormal Psychology"
"10.1037/0021-843x.99.1.3",1990,"Journal of Abnormal Psychology"
"10.1037/0021-843x.99.1.3",1990,"Journal of Abnormal Psychology"
"10.1037/0021-843x.99.1.3",1990,"Journal of Abnormal Psychology"
"10.1037/0021-843x.99.1.3",1990,"Journal of Abnormal Psychology"
"10.1037/0021-843x.99.1.3",1990,"Journal of Abnormal Psychology"
"10.1037/0021-843x.99.1.3",1990,"Journal of Abnormal Psychology"
"10.1037/0021-843x.99.1.3",1990,"Journal of Abnormal Psychology"
"10.1037/0021-843x.99.1.3",1990,"Journal of Abnormal Psychology"
"10.1037/0021-843x.99.1.3",1990,"Journal of Abnormal Psychology"
"10.1037/0021-843x.99.1.3",1990,"Journal of Abnormal Psychology"
"10.1037/0021-843x.99.1.3",1990,"Journal of Abnormal Psychology"
"10.1037/0021-843x.99.1.3",1990,"Journal of Abnormal Psychology"
"10.1037/0021-843x.99.1.3",1990,"Journal of Abnormal Psychology"
"10.1037/0021-843x.99.1.3",1990,"Journal of Abnormal Psychology"
"10.1037/0021-843x.99.1.3",1990,"Journal of Abnormal Psychology"
"10.1037/0021-843x.99.1.3",1990,"Journal of Abnormal Psychology"
"10.1037/0021-843x.99.1.3",1990,"Journal of Abnormal Psychology"
"10.1037/0021-843x.99.1.3",1990,"Journal of Abnormal Psychology"
"10.1037/0021-843x.99.1.3",1990,"Journal of Abnormal Psychology"
"10.1037/0021-843x.99.1.3",1990,"Journal of Abnormal Psychology"
"10.1037/0021-843x.99.1.3",1990,"Journal of Abnormal Psychology"
"10.1037/0021-843x.99.1.3",1990,"Journal of Abnormal Psychology"
"10.1037/0021-843x.99.1.3",1990,"Journal of Abnormal Psychology"
"10.1037/0021-843x.99.1.3",1990,"Journal of Abnormal Psychology"
"10.1037/0021-843x.99.1.3",1990,"Journal of Abnormal Psychology"
"10.1037/0022-006x.53.1.7",1985,"Journal of Consulting and Clinical Psychology"
"10.1037/0022-006x.53.1.7",1985,"Journal of Consulting and Clinical Psychology"
"10.1037/0022-006x.53.1.7",1985,"Journal of Consulting and Clinical Psychology"
"10.1037/0022-006x.55.1.10",1987,"Journal of Consulting and Clinical Psychology"
"10.1037/0022-006x.55.1.3",1987,"Journal of Consulting and Clinical Psychology"
"10.1037/0022-006x.56.1.5",1988,"Journal of Consulting and Clinical Psychology"
"10.1037/0022-006x.56.1.5",1988,"Journal of Consulting and Clinical Psychology"
"10.1037/0022-006x.56.1.5",1988,"Journal of Consulting and Clinical Psychology"
"10.1037/0022-006x.56.1.5",1988,"Journal of Consulting and Clinical Psychology"
"10.1037/0022-006x.56.1.5",1988,"Journal of Consulting and Clinical Psychology"
"10.1037/0022-006x.56.1.5",1988,"Journal of Consulting and Clinical Psychology"
"10.1037/0022-006x.56.1.5",1988,"Journal of Consulting and Clinical Psychology"
"10.1037/0022-006x.56.1.5",1988,"Journal of Consulting and Clinical Psychology"
"10.1037/0022-006x.56.1.5",1988,"Journal of Consulting and Clinical Psychology"
"10.1037/0022-006x.56.1.5",1988,"Journal of Consulting and Clinical Psychology"
"10.1037/0022-006x.56.1.5",1988,"Journal of Consulting and Clinical Psychology"
"10.1037/0022-006x.57.1.11",1989,"Journal of Consulting and Clinical Psychology"
"10.1037/0022-006x.57.1.11",1989,"Journal of Consulting and Clinical Psychology"
"10.1037/0022-006x.57.1.11",1989,"Journal of Consulting and Clinical Psychology"
"10.1037/0022-006x.57.1.11",1989,"Journal of Consulting and Clinical Psychology"
"10.1037/0022-006x.57.1.11",1989,"Journal of Consulting and Clinical Psychology"
"10.1037/0022-006x.59.2.295",1991,"Journal of Consulting and Clinical Psychology"
"10.1037/0022-006x.59.2.295",1991,"Journal of Consulting and Clinical Psychology"
"10.1037/0022-006x.59.2.341",1991,"Journal of Consulting and Clinical Psychology"
"10.1037/0022-006x.59.2.341",1991,"Journal of Consulting and Clinical Psychology"
"10.1037/0022-006x.59.2.341",1991,"Journal of Consulting and Clinical Psychology"
"10.1037/0022-006x.59.2.341",1991,"Journal of Consulting and Clinical Psychology"
"10.1037/0022-006x.59.2.341",1991,"Journal of Consulting and Clinical Psychology"
"10.1037/0022-006x.59.2.341",1991,"Journal of Consulting and Clinical Psychology"
"10.1037/0022-006x.59.2.341",1991,"Journal of Consulting and Clinical Psychology"
"10.1037/0022-006x.59.2.341",1991,"Journal of Consulting and Clinical Psychology"
"10.1037/0022-006x.59.2.351",1991,"Journal of Consulting and Clinical Psychology"
"10.1037/0022-006x.59.2.351",1991,"Journal of Consulting and Clinical Psychology"
"10.1037/0022-006x.59.2.351",1991,"Journal of Consulting and Clinical Psychology"
"10.1037/0022-006x.59.2.351",1991,"Journal of Consulting and Clinical Psychology"
"10.1037/0022-006x.59.2.351",1991,"Journal of Consulting and Clinical Psychology"
"10.1037/0022-006x.59.2.351",1991,"Journal of Consulting and Clinical Psychology"
"10.1037/0022-006x.59.2.351",1991,"Journal of Consulting and Clinical Psychology"
"10.1037/0022-006x.59.2.351",1991,"Journal of Consulting and Clinical Psychology"
"10.1037/0022-006x.59.2.351",1991,"Journal of Consulting and Clinical Psychology"
"10.1037/0022-006x.59.2.351",1991,"Journal of Consulting and Clinical Psychology"
"10.1037/0022-006x.59.2.354",1991,"Journal of Consulting and Clinical Psychology"
"10.1037/0022-006x.59.2.354",1991,"Journal of Consulting and Clinical Psychology"
"10.1037/0022-006x.59.2.354",1991,"Journal of Consulting and Clinical Psychology"
"10.1037/0022-006x.59.3.371",1991,"Journal of Consulting and Clinical Psychology"
"10.1037/0022-006x.59.3.394",1991,"Journal of Consulting and Clinical Psychology"
"10.1037/0022-006x.59.3.394",1991,"Journal of Consulting and Clinical Psychology"
"10.1037/0022-006x.59.3.394",1991,"Journal of Consulting and Clinical Psychology"
"10.1037/0022-006x.59.3.394",1991,"Journal of Consulting and Clinical Psychology"
"10.1037/0022-006x.59.3.400",1991,"Journal of Consulting and Clinical Psychology"
"10.1037/0022-006x.59.3.400",1991,"Journal of Consulting and Clinical Psychology"
"10.1037/0022-006x.59.3.400",1991,"Journal of Consulting and Clinical Psychology"
"10.1037/0022-006x.59.3.400",1991,"Journal of Consulting and Clinical Psychology"
"10.1037/0022-006x.59.3.400",1991,"Journal of Consulting and Clinical Psychology"
"10.1037/0022-006x.59.3.419",1991,"Journal of Consulting and Clinical Psychology"
"10.1037/0022-006x.59.3.419",1991,"Journal of Consulting and Clinical Psychology"
"10.1037/0022-006x.59.3.419",1991,"Journal of Consulting and Clinical Psychology"
"10.1037/0022-006x.59.3.419",1991,"Journal of Consulting and Clinical Psychology"
"10.1037/0022-006x.59.3.419",1991,"Journal of Consulting and Clinical Psychology"
"10.1037/0022-006x.59.3.419",1991,"Journal of Consulting and Clinical Psychology"
"10.1037/0022-006x.59.3.419",1991,"Journal of Consulting and Clinical Psychology"
"10.1037/0022-006x.59.3.419",1991,"Journal of Consulting and Clinical Psychology"
"10.1037/0022-006x.59.3.419",1991,"Journal of Consulting and Clinical Psychology"
"10.1037/0022-006x.59.3.419",1991,"Journal of Consulting and Clinical Psychology"
"10.1037/0022-006x.59.3.419",1991,"Journal of Consulting and Clinical Psychology"
"10.1037/0022-006x.59.3.419",1991,"Journal of Consulting and Clinical Psychology"
"10.1037/0022-006x.59.3.419",1991,"Journal of Consulting and Clinical Psychology"
"10.1037/0022-006x.59.3.419",1991,"Journal of Consulting and Clinical Psychology"
"10.1037/0022-006x.59.3.419",1991,"Journal of Consulting and Clinical Psychology"
"10.1037/0022-006x.59.3.419",1991,"Journal of Consulting and Clinical Psychology"
"10.1037/0022-006x.59.3.419",1991,"Journal of Consulting and Clinical Psychology"
"10.1037/0022-006x.59.3.419",1991,"Journal of Consulting and Clinical Psychology"
"10.1037/0022-006x.59.3.419",1991,"Journal of Consulting and Clinical Psychology"
"10.1037/0022-006x.59.3.419",1991,"Journal of Consulting and Clinical Psychology"
"10.1037/0022-006x.59.3.439",1991,"Journal of Consulting and Clinical Psychology"
"10.1037/0022-006x.59.3.439",1991,"Journal of Consulting and Clinical Psychology"
"10.1037/0022-006x.59.3.439",1991,"Journal of Consulting and Clinical Psychology"
"10.1037/0022-006x.59.3.439",1991,"Journal of Consulting and Clinical Psychology"
"10.1037/0022-006x.59.3.439",1991,"Journal of Consulting and Clinical Psychology"
"10.1037/0022-006x.59.3.439",1991,"Journal of Consulting and Clinical Psychology"
"10.1037/0022-006x.59.3.439",1991,"Journal of Consulting and Clinical Psychology"
"10.1037/0022-006x.59.3.439",1991,"Journal of Consulting and Clinical Psychology"
"10.1037/0022-006x.59.3.439",1991,"Journal of Consulting and Clinical Psychology"
"10.1037/0022-006x.59.3.439",1991,"Journal of Consulting and Clinical Psychology"
"10.1037/0022-006x.59.3.439",1991,"Journal of Consulting and Clinical Psychology"
"10.1037/0022-006x.59.3.439",1991,"Journal of Consulting and Clinical Psychology"
"10.1037/0022-006x.59.3.439",1991,"Journal of Consulting and Clinical Psychology"
"10.1037/0022-006x.59.3.439",1991,"Journal of Consulting and Clinical Psychology"
"10.1037/0022-006x.59.3.439",1991,"Journal of Consulting and Clinical Psychology"
"10.1037/0022-006x.59.3.439",1991,"Journal of Consulting and Clinical Psychology"
"10.1037/0022-006x.59.3.439",1991,"Journal of Consulting and Clinical Psychology"
"10.1037/0022-006x.59.3.439",1991,"Journal of Consulting and Clinical Psychology"
"10.1037/0022-006x.59.3.439",1991,"Journal of Consulting and Clinical Psychology"
"10.1037/0022-006x.59.3.467",1991,"Journal of Consulting and Clinical Psychology"
"10.1037/0022-006x.59.3.467",1991,"Journal of Consulting and Clinical Psychology"
"10.1037/0022-006x.59.3.467",1991,"Journal of Consulting and Clinical Psychology"
"10.1037/0022-006x.59.3.467",1991,"Journal of Consulting and Clinical Psychology"
"10.1037/0022-006x.59.3.467",1991,"Journal of Consulting and Clinical Psychology"
"10.1037/0022-006x.59.3.467",1991,"Journal of Consulting and Clinical Psychology"
"10.1037/0022-006x.59.3.467",1991,"Journal of Consulting and Clinical Psychology"
"10.1037/0022-006x.59.3.467",1991,"Journal of Consulting and Clinical Psychology"
"10.1037/0022-006x.59.3.467",1991,"Journal of Consulting and Clinical Psychology"
"10.1037/0022-006x.59.3.467",1991,"Journal of Consulting and Clinical Psychology"
"10.1037/0022-006x.59.3.467",1991,"Journal of Consulting and Clinical Psychology"
"10.1037/0022-006x.59.3.467",1991,"Journal of Consulting and Clinical Psychology"
"10.1037/0022-006x.59.3.467",1991,"Journal of Consulting and Clinical Psychology"
"10.1037/0022-006x.59.3.467",1991,"Journal of Consulting and Clinical Psychology"
"10.1037/0022-006x.59.3.467",1991,"Journal of Consulting and Clinical Psychology"
"10.1037/0022-006x.59.3.467",1991,"Journal of Consulting and Clinical Psychology"
"10.1037/0022-006x.59.3.479",1991,"Journal of Consulting and Clinical Psychology"
"10.1037/0022-006x.59.3.479",1991,"Journal of Consulting and Clinical Psychology"
"10.1037/0022-006x.59.3.479",1991,"Journal of Consulting and Clinical Psychology"
"10.1037/0022-006x.59.3.479",1991,"Journal of Consulting and Clinical Psychology"
"10.1037/0022-006x.59.3.479",1991,"Journal of Consulting and Clinical Psychology"
"10.1037/0022-006x.59.3.479",1991,"Journal of Consulting and Clinical Psychology"
"10.1037/0022-006x.59.3.479",1991,"Journal of Consulting and Clinical Psychology"
"10.1037/0022-006x.59.3.479",1991,"Journal of Consulting and Clinical Psychology"
"10.1037/0022-006x.59.3.479",1991,"Journal of Consulting and Clinical Psychology"
"10.1037/0022-006x.59.3.479",1991,"Journal of Consulting and Clinical Psychology"
"10.1037/0022-006x.59.3.479",1991,"Journal of Consulting and Clinical Psychology"
"10.1037/0022-006x.59.3.479",1991,"Journal of Consulting and Clinical Psychology"
"10.1037/0022-006x.59.3.479",1991,"Journal of Consulting and Clinical Psychology"
"10.1037/0022-006x.61.1.16",1993,"Journal of Consulting and Clinical Psychology"
"10.1037/0022-006x.61.1.16",1993,"Journal of Consulting and Clinical Psychology"
"10.1037/0022-006x.61.1.16",1993,"Journal of Consulting and Clinical Psychology"
"10.1037/0022-006x.61.1.16",1993,"Journal of Consulting and Clinical Psychology"
"10.1037/0022-006x.61.1.16",1993,"Journal of Consulting and Clinical Psychology"
"10.1037/0022-006x.61.1.16",1993,"Journal of Consulting and Clinical Psychology"
"10.1037/0022-006x.61.1.16",1993,"Journal of Consulting and Clinical Psychology"
"10.1037/0022-006x.61.1.16",1993,"Journal of Consulting and Clinical Psychology"
"10.1037/0022-006x.61.1.16",1993,"Journal of Consulting and Clinical Psychology"
"10.1037/0022-006x.61.1.16",1993,"Journal of Consulting and Clinical Psychology"
"10.1037/0022-006x.61.1.16",1993,"Journal of Consulting and Clinical Psychology"
"10.1037/0022-006x.61.1.16",1993,"Journal of Consulting and Clinical Psychology"
"10.1037/0022-006x.61.1.16",1993,"Journal of Consulting and Clinical Psychology"
"10.1037/0022-006x.61.1.16",1993,"Journal of Consulting and Clinical Psychology"
"10.1037/0022-006x.61.1.16",1993,"Journal of Consulting and Clinical Psychology"
"10.1037/0022-006x.61.1.16",1993,"Journal of Consulting and Clinical Psychology"
"10.1037/0022-006x.61.1.16",1993,"Journal of Consulting and Clinical Psychology"
"10.1037/0022-006x.61.1.16",1993,"Journal of Consulting and Clinical Psychology"
"10.1037/0022-006x.61.1.16",1993,"Journal of Consulting and Clinical Psychology"
"10.1037/0022-006x.61.1.16",1993,"Journal of Consulting and Clinical Psychology"
"10.1037/0022-006x.61.1.16",1993,"Journal of Consulting and Clinical Psychology"
"10.1037/0022-006x.61.1.16",1993,"Journal of Consulting and Clinical Psychology"
"10.1037/0022-006x.61.1.16",1993,"Journal of Consulting and Clinical Psychology"
"10.1037/0022-006x.61.1.16",1993,"Journal of Consulting and Clinical Psychology"
"10.1037/0022-006x.61.1.16",1993,"Journal of Consulting and Clinical Psychology"
"10.1037/0022-006x.61.1.16",1993,"Journal of Consulting and Clinical Psychology"
"10.1037/0022-006x.61.1.16",1993,"Journal of Consulting and Clinical Psychology"
"10.1037/0022-006x.61.1.16",1993,"Journal of Consulting and Clinical Psychology"
"10.1037/0022-006x.61.1.16",1993,"Journal of Consulting and Clinical Psychology"
"10.1037/0022-006x.61.1.6",1993,"Journal of Consulting and Clinical Psychology"
"10.1037/0022-006x.61.1.6",1993,"Journal of Consulting and Clinical Psychology"
"10.1037/0022-006x.61.1.6",1993,"Journal of Consulting and Clinical Psychology"
"10.1037/0022-006x.61.1.6",1993,"Journal of Consulting and Clinical Psychology"
"10.1037/0022-006x.61.1.6",1993,"Journal of Consulting and Clinical Psychology"
"10.1037/0022-006x.61.1.6",1993,"Journal of Consulting and Clinical Psychology"
"10.1037/0022-006x.61.1.6",1993,"Journal of Consulting and Clinical Psychology"
"10.1037/0022-006x.61.1.6",1993,"Journal of Consulting and Clinical Psychology"
"10.1037/0022-006x.61.1.6",1993,"Journal of Consulting and Clinical Psychology"
"10.1037/0022-006x.61.1.6",1993,"Journal of Consulting and Clinical Psychology"
"10.1037/0022-006x.61.1.6",1993,"Journal of Consulting and Clinical Psychology"
"10.1037/0022-006x.61.1.6",1993,"Journal of Consulting and Clinical Psychology"
"10.1037/0022-006x.61.1.6",1993,"Journal of Consulting and Clinical Psychology"
"10.1037/0022-006x.61.1.6",1993,"Journal of Consulting and Clinical Psychology"
"10.1037/0022-006x.61.1.6",1993,"Journal of Consulting and Clinical Psychology"
"10.1037/0022-006x.61.1.6",1993,"Journal of Consulting and Clinical Psychology"
"10.1037/0022-006x.61.1.6",1993,"Journal of Consulting and Clinical Psychology"
"10.1037/0022-006x.61.1.6",1993,"Journal of Consulting and Clinical Psychology"
"10.1037/0022-006x.61.1.6",1993,"Journal of Consulting and Clinical Psychology"
"10.1037/0022-006x.61.1.6",1993,"Journal of Consulting and Clinical Psychology"
"10.1037/0022-006x.61.1.6",1993,"Journal of Consulting and Clinical Psychology"
"10.1037/0022-006x.61.1.6",1993,"Journal of Consulting and Clinical Psychology"
"10.1037/0022-006x.61.1.6",1993,"Journal of Consulting and Clinical Psychology"
"10.1037/0022-006x.61.1.6",1993,"Journal of Consulting and Clinical Psychology"
"10.1037/0022-006x.61.1.6",1993,"Journal of Consulting and Clinical Psychology"
"10.1037/0022-006x.61.1.6",1993,"Journal of Consulting and Clinical Psychology"
"10.1037/0022-006x.61.1.6",1993,"Journal of Consulting and Clinical Psychology"
"10.1037/0022-006x.61.1.6",1993,"Journal of Consulting and Clinical Psychology"
"10.1037/0022-006x.61.1.6",1993,"Journal of Consulting and Clinical Psychology"
"10.1037/0022-006x.61.1.6",1993,"Journal of Consulting and Clinical Psychology"
"10.1037/0022-006x.61.1.6",1993,"Journal of Consulting and Clinical Psychology"
"10.1037/0022-006x.61.1.6",1993,"Journal of Consulting and Clinical Psychology"
"10.1037/0022-006x.61.1.6",1993,"Journal of Consulting and Clinical Psychology"
"10.1037/0022-006x.61.1.6",1993,"Journal of Consulting and Clinical Psychology"
"10.1037/0022-006x.61.1.6",1993,"Journal of Consulting and Clinical Psychology"
"10.1037/0022-006x.61.1.6",1993,"Journal of Consulting and Clinical Psychology"
"10.1037/0022-006x.61.1.6",1993,"Journal of Consulting and Clinical Psychology"
"10.1037/0022-006x.61.1.6",1993,"Journal of Consulting and Clinical Psychology"
"10.1037/0022-006x.61.1.6",1993,"Journal of Consulting and Clinical Psychology"
"10.1037/0022-006x.61.1.6",1993,"Journal of Consulting and Clinical Psychology"
"10.1037/0022-006x.61.1.6",1993,"Journal of Consulting and Clinical Psychology"
"10.1037/0022-006x.61.1.6",1993,"Journal of Consulting and Clinical Psychology"
"10.1037/0022-006x.61.1.6",1993,"Journal of Consulting and Clinical Psychology"
"10.1037/0022-006x.61.1.6",1993,"Journal of Consulting and Clinical Psychology"
"10.1037/0022-006x.61.1.6",1993,"Journal of Consulting and Clinical Psychology"
"10.1037/0022-006x.61.1.6",1993,"Journal of Consulting and Clinical Psychology"
"10.1037/0022-006x.61.1.6",1993,"Journal of Consulting and Clinical Psychology"
"10.1037/0022-006x.61.1.6",1993,"Journal of Consulting and Clinical Psychology"
"10.1037/0022-006x.61.1.6",1993,"Journal of Consulting and Clinical Psychology"
"10.1037/0022-006x.61.1.6",1993,"Journal of Consulting and Clinical Psychology"
"10.1037/0022-006x.61.1.6",1993,"Journal of Consulting and Clinical Psychology"
"10.1037/0022-006x.61.1.6",1993,"Journal of Consulting and Clinical Psychology"
"10.1037/0022-006x.63.1.6",1995,"Journal of Consulting and Clinical Psychology"
"10.1037/0022-006x.63.1.6",1995,"Journal of Consulting and Clinical Psychology"
"10.1037/0022-006x.63.1.6",1995,"Journal of Consulting and Clinical Psychology"
"10.1037/0022-006x.63.1.6",1995,"Journal of Consulting and Clinical Psychology"
"10.1037/0022-006x.63.1.6",1995,"Journal of Consulting and Clinical Psychology"
"10.1037/0022-006x.63.1.6",1995,"Journal of Consulting and Clinical Psychology"
"10.1037/0022-006x.63.1.6",1995,"Journal of Consulting and Clinical Psychology"
"10.1037/0022-006x.63.1.6",1995,"Journal of Consulting and Clinical Psychology"
"10.1037/0022-006x.65.1.15",1997,"Journal of Consulting and Clinical Psychology"
"10.1037/0022-006x.65.1.15",1997,"Journal of Consulting and Clinical Psychology"
"10.1037/0022-006x.65.1.15",1997,"Journal of Consulting and Clinical Psychology"
"10.1037/0022-006x.65.1.15",1997,"Journal of Consulting and Clinical Psychology"
"10.1037/0022-006x.65.1.15",1997,"Journal of Consulting and Clinical Psychology"
"10.1037/0022-006x.65.1.15",1997,"Journal of Consulting and Clinical Psychology"
"10.1037/0022-006x.65.1.15",1997,"Journal of Consulting and Clinical Psychology"
"10.1037/0022-006x.65.1.15",1997,"Journal of Consulting and Clinical Psychology"
"10.1037/0022-006x.65.1.15",1997,"Journal of Consulting and Clinical Psychology"
"10.1037/0022-006x.65.1.15",1997,"Journal of Consulting and Clinical Psychology"
"10.1037/0022-006x.65.1.15",1997,"Journal of Consulting and Clinical Psychology"
"10.1037/0022-006x.65.1.15",1997,"Journal of Consulting and Clinical Psychology"
"10.1037/0022-006x.65.1.15",1997,"Journal of Consulting and Clinical Psychology"
"10.1037/0022-006x.65.1.15",1997,"Journal of Consulting and Clinical Psychology"
"10.1037/0022-006x.65.1.6",1997,"Journal of Consulting and Clinical Psychology"
"10.1037/0022-006x.65.1.6",1997,"Journal of Consulting and Clinical Psychology"
"10.1037/0022-006x.65.1.6",1997,"Journal of Consulting and Clinical Psychology"
"10.1037/0022-006x.67.1.13",1999,"Journal of Consulting and Clinical Psychology"
"10.1037/0022-006x.67.1.13",1999,"Journal of Consulting and Clinical Psychology"
"10.1037/0022-006x.67.1.13",1999,"Journal of Consulting and Clinical Psychology"
"10.1037/0022-006x.67.1.13",1999,"Journal of Consulting and Clinical Psychology"
"10.1037/0022-006x.67.1.13",1999,"Journal of Consulting and Clinical Psychology"
"10.1037/0022-006x.67.1.13",1999,"Journal of Consulting and Clinical Psychology"
"10.1037/0022-006x.67.1.13",1999,"Journal of Consulting and Clinical Psychology"
"10.1037/0022-006x.67.1.3",1999,"Journal of Consulting and Clinical Psychology"
"10.1037/0022-006x.67.1.3",1999,"Journal of Consulting and Clinical Psychology"
"10.1037/0022-006x.67.1.3",1999,"Journal of Consulting and Clinical Psychology"
"10.1037/0022-006x.67.1.3",1999,"Journal of Consulting and Clinical Psychology"
"10.1037/0022-006x.67.1.3",1999,"Journal of Consulting and Clinical Psychology"
"10.1037/0022-006x.67.1.3",1999,"Journal of Consulting and Clinical Psychology"
"10.1037/0022-006x.67.1.3",1999,"Journal of Consulting and Clinical Psychology"
"10.1037/0022-006x.67.1.3",1999,"Journal of Consulting and Clinical Psychology"
"10.1037/0022-006x.67.1.3",1999,"Journal of Consulting and Clinical Psychology"
"10.1037/0022-006x.67.1.3",1999,"Journal of Consulting and Clinical Psychology"
"10.1037/0022-006x.67.1.3",1999,"Journal of Consulting and Clinical Psychology"
"10.1037/0022-006x.67.1.3",1999,"Journal of Consulting and Clinical Psychology"
"10.1037/0022-006x.67.1.3",1999,"Journal of Consulting and Clinical Psychology"
"10.1037/0022-006x.67.1.3",1999,"Journal of Consulting and Clinical Psychology"
"10.1037/0022-006x.67.1.3",1999,"Journal of Consulting and Clinical Psychology"
"10.1037/0022-006x.67.1.3",1999,"Journal of Consulting and Clinical Psychology"
"10.1037/0022-006x.67.1.3",1999,"Journal of Consulting and Clinical Psychology"
"10.1037/0022-006x.67.1.3",1999,"Journal of Consulting and Clinical Psychology"
"10.1037/0022-006x.67.1.3",1999,"Journal of Consulting and Clinical Psychology"
"10.1037/0022-006x.67.1.3",1999,"Journal of Consulting and Clinical Psychology"
"10.1037/0022-006x.67.1.3",1999,"Journal of Consulting and Clinical Psychology"
"10.1037/0022-006x.67.1.3",1999,"Journal of Consulting and Clinical Psychology"
"10.1037/0022-006x.67.1.3",1999,"Journal of Consulting and Clinical Psychology"
"10.1037/0022-006x.67.1.3",1999,"Journal of Consulting and Clinical Psychology"
"10.1037/0022-006x.67.1.3",1999,"Journal of Consulting and Clinical Psychology"
"10.1037/0022-006x.67.1.3",1999,"Journal of Consulting and Clinical Psychology"
"10.1037/0022-006x.67.1.3",1999,"Journal of Consulting and Clinical Psychology"
"10.1037/0022-006x.67.1.3",1999,"Journal of Consulting and Clinical Psychology"
"10.1037/0022-006x.67.1.3",1999,"Journal of Consulting and Clinical Psychology"
"10.1037/0022-006x.67.1.3",1999,"Journal of Consulting and Clinical Psychology"
"10.1037/0022-006x.67.1.3",1999,"Journal of Consulting and Clinical Psychology"
"10.1037/0022-006x.67.1.3",1999,"Journal of Consulting and Clinical Psychology"
"10.1037/0022-006x.67.1.3",1999,"Journal of Consulting and Clinical Psychology"
"10.1037/0022-006x.67.1.3",1999,"Journal of Consulting and Clinical Psychology"
"10.1037/0022-006x.67.1.3",1999,"Journal of Consulting and Clinical Psychology"
"10.1037/0022-006x.67.1.3",1999,"Journal of Consulting and Clinical Psychology"
"10.1037/0022-006x.67.1.3",1999,"Journal of Consulting and Clinical Psychology"
"10.1037/0022-006x.67.5.648",1999,"Journal of Consulting and Clinical Psychology"
"10.1037/0022-006x.67.5.648",1999,"Journal of Consulting and Clinical Psychology"
"10.1037/0022-006x.67.5.648",1999,"Journal of Consulting and Clinical Psychology"
"10.1037/0022-006x.67.5.648",1999,"Journal of Consulting and Clinical Psychology"
"10.1037/0022-006x.67.5.648",1999,"Journal of Consulting and Clinical Psychology"
"10.1037/0022-006x.67.5.648",1999,"Journal of Consulting and Clinical Psychology"
"10.1037/0022-006x.67.5.648",1999,"Journal of Consulting and Clinical Psychology"
"10.1037/0022-006x.67.5.648",1999,"Journal of Consulting and Clinical Psychology"
"10.1037/0022-006x.67.5.648",1999,"Journal of Consulting and Clinical Psychology"
"10.1037/0022-006x.67.5.648",1999,"Journal of Consulting and Clinical Psychology"
"10.1037/0022-006x.67.5.648",1999,"Journal of Consulting and Clinical Psychology"
"10.1037/0022-006x.67.5.648",1999,"Journal of Consulting and Clinical Psychology"
"10.1037/0022-006x.67.5.648",1999,"Journal of Consulting and Clinical Psychology"
"10.1037/0022-006x.67.5.648",1999,"Journal of Consulting and Clinical Psychology"
"10.1037/0022-006x.67.5.648",1999,"Journal of Consulting and Clinical Psychology"
"10.1037/0022-006x.67.5.648",1999,"Journal of Consulting and Clinical Psychology"
"10.1037/0022-006x.67.5.648",1999,"Journal of Consulting and Clinical Psychology"
"10.1037/0022-006x.67.5.648",1999,"Journal of Consulting and Clinical Psychology"
"10.1037/0022-006x.67.5.648",1999,"Journal of Consulting and Clinical Psychology"
"10.1037/0022-006x.67.5.648",1999,"Journal of Consulting and Clinical Psychology"
"10.1037/0022-006x.67.5.648",1999,"Journal of Consulting and Clinical Psychology"
"10.1037/0022-006x.67.5.648",1999,"Journal of Consulting and Clinical Psychology"
"10.1037/0022-006x.67.5.648",1999,"Journal of Consulting and Clinical Psychology"
"10.1037/0022-006x.67.5.648",1999,"Journal of Consulting and Clinical Psychology"
"10.1037/0022-006x.67.5.648",1999,"Journal of Consulting and Clinical Psychology"
"10.1037/0022-006x.67.5.648",1999,"Journal of Consulting and Clinical Psychology"
"10.1037/0022-006x.67.5.648",1999,"Journal of Consulting and Clinical Psychology"
"10.1037/0022-006x.67.5.648",1999,"Journal of Consulting and Clinical Psychology"
"10.1037/0022-006x.68.2.277",2000,"Journal of Consulting and Clinical Psychology"
"10.1037/0022-006x.68.2.277",2000,"Journal of Consulting and Clinical Psychology"
"10.1037/0022-006x.68.2.277",2000,"Journal of Consulting and Clinical Psychology"
"10.1037/0022-006x.68.2.277",2000,"Journal of Consulting and Clinical Psychology"
"10.1037/0022-006x.68.2.277",2000,"Journal of Consulting and Clinical Psychology"
"10.1037/0022-006x.68.2.277",2000,"Journal of Consulting and Clinical Psychology"
"10.1037/0022-006x.68.2.277",2000,"Journal of Consulting and Clinical Psychology"
"10.1037/0022-006x.68.2.277",2000,"Journal of Consulting and Clinical Psychology"
"10.1037/0022-006x.68.2.277",2000,"Journal of Consulting and Clinical Psychology"
"10.1037/0022-006x.68.2.277",2000,"Journal of Consulting and Clinical Psychology"
"10.1037/0022-006x.68.2.277",2000,"Journal of Consulting and Clinical Psychology"
"10.1037/0022-006x.68.2.277",2000,"Journal of Consulting and Clinical Psychology"
"10.1037/0022-006x.68.2.277",2000,"Journal of Consulting and Clinical Psychology"
"10.1037/0022-006x.68.2.277",2000,"Journal of Consulting and Clinical Psychology"
"10.1037/0022-006x.68.2.277",2000,"Journal of Consulting and Clinical Psychology"
"10.1037/0022-006x.68.2.277",2000,"Journal of Consulting and Clinical Psychology"
"10.1037/0022-006x.68.2.277",2000,"Journal of Consulting and Clinical Psychology"
"10.1037/0022-006x.68.2.277",2000,"Journal of Consulting and Clinical Psychology"
"10.1037/0022-006x.68.2.277",2000,"Journal of Consulting and Clinical Psychology"
"10.1037/0022-006x.68.2.277",2000,"Journal of Consulting and Clinical Psychology"
"10.1037/0022-006x.68.2.277",2000,"Journal of Consulting and Clinical Psychology"
"10.1037/0022-006x.68.2.277",2000,"Journal of Consulting and Clinical Psychology"
"10.1037/0022-006x.68.2.277",2000,"Journal of Consulting and Clinical Psychology"
"10.1037/0022-006x.68.2.277",2000,"Journal of Consulting and Clinical Psychology"
"10.1037/0022-006x.68.2.277",2000,"Journal of Consulting and Clinical Psychology"
"10.1037/0022-006x.68.2.277",2000,"Journal of Consulting and Clinical Psychology"
"10.1037/0022-006x.68.2.277",2000,"Journal of Consulting and Clinical Psychology"
"10.1037/0022-006x.68.2.277",2000,"Journal of Consulting and Clinical Psychology"
"10.1037/0022-006x.68.2.277",2000,"Journal of Consulting and Clinical Psychology"
"10.1037/0022-006x.68.2.277",2000,"Journal of Consulting and Clinical Psychology"
"10.1037/0022-006x.68.2.277",2000,"Journal of Consulting and Clinical Psychology"
"10.1037/0022-006x.68.2.277",2000,"Journal of Consulting and Clinical Psychology"
"10.1037/0022-006x.68.2.277",2000,"Journal of Consulting and Clinical Psychology"
"10.1037/0022-006x.68.2.277",2000,"Journal of Consulting and Clinical Psychology"
"10.1037/0022-006x.68.2.277",2000,"Journal of Consulting and Clinical Psychology"
"10.1037/0022-006x.68.2.277",2000,"Journal of Consulting and Clinical Psychology"
"10.1037/0022-006x.68.2.277",2000,"Journal of Consulting and Clinical Psychology"
"10.1037/0022-006x.69.1.13",2001,"Journal of Consulting and Clinical Psychology"
"10.1037/0022-006x.69.1.13",2001,"Journal of Consulting and Clinical Psychology"
"10.1037/0022-006x.69.1.13",2001,"Journal of Consulting and Clinical Psychology"
"10.1037/0022-006x.69.1.13",2001,"Journal of Consulting and Clinical Psychology"
"10.1037/0022-006x.69.1.13",2001,"Journal of Consulting and Clinical Psychology"
"10.1037/0022-006x.69.1.13",2001,"Journal of Consulting and Clinical Psychology"
"10.1037/0022-006x.69.1.13",2001,"Journal of Consulting and Clinical Psychology"
"10.1037/0022-006x.69.1.13",2001,"Journal of Consulting and Clinical Psychology"
"10.1037/0022-006x.69.1.13",2001,"Journal of Consulting and Clinical Psychology"
"10.1037/0022-006x.69.1.13",2001,"Journal of Consulting and Clinical Psychology"
"10.1037/0022-006x.69.1.13",2001,"Journal of Consulting and Clinical Psychology"
"10.1037/0022-006x.69.1.13",2001,"Journal of Consulting and Clinical Psychology"
"10.1037/0022-006x.69.1.3",2001,"Journal of Consulting and Clinical Psychology"
"10.1037/0022-006x.69.1.3",2001,"Journal of Consulting and Clinical Psychology"
"10.1037/0022-006x.69.1.3",2001,"Journal of Consulting and Clinical Psychology"
"10.1037/0022-006x.69.1.3",2001,"Journal of Consulting and Clinical Psychology"
"10.1037/0022-006x.69.1.3",2001,"Journal of Consulting and Clinical Psychology"
"10.1037/0022-006x.69.1.3",2001,"Journal of Consulting and Clinical Psychology"
"10.1037/0022-006x.69.1.3",2001,"Journal of Consulting and Clinical Psychology"
"10.1037/0022-006x.69.1.3",2001,"Journal of Consulting and Clinical Psychology"
"10.1037/0022-006x.69.1.3",2001,"Journal of Consulting and Clinical Psychology"
"10.1037/0022-006x.71.1.3",2003,"Journal of Consulting and Clinical Psychology"
"10.1037/0022-006x.71.1.3",2003,"Journal of Consulting and Clinical Psychology"
"10.1037/0022-006x.71.1.3",2003,"Journal of Consulting and Clinical Psychology"
"10.1037/0022-006x.71.1.3",2003,"Journal of Consulting and Clinical Psychology"
"10.1037/0022-006x.71.1.3",2003,"Journal of Consulting and Clinical Psychology"
"10.1037/0022-006x.71.1.3",2003,"Journal of Consulting and Clinical Psychology"
"10.1037/0022-006x.71.1.3",2003,"Journal of Consulting and Clinical Psychology"
"10.1037/0022-006x.71.1.3",2003,"Journal of Consulting and Clinical Psychology"
"10.1037/0022-006x.71.1.3",2003,"Journal of Consulting and Clinical Psychology"
"10.1037/0022-006x.71.1.3",2003,"Journal of Consulting and Clinical Psychology"
"10.1037/0022-006x.71.1.3",2003,"Journal of Consulting and Clinical Psychology"
"10.1037/0022-006x.71.1.3",2003,"Journal of Consulting and Clinical Psychology"
"10.1037/0022-006x.71.1.3",2003,"Journal of Consulting and Clinical Psychology"
"10.1037/0022-006x.71.1.3",2003,"Journal of Consulting and Clinical Psychology"
"10.1037/0022-006x.71.1.3",2003,"Journal of Consulting and Clinical Psychology"
"10.1037/0022-006x.71.1.3",2003,"Journal of Consulting and Clinical Psychology"
"10.1037/0022-006x.71.1.3",2003,"Journal of Consulting and Clinical Psychology"
"10.1037/0022-006x.71.1.3",2003,"Journal of Consulting and Clinical Psychology"
"10.1037/0022-006x.71.1.3",2003,"Journal of Consulting and Clinical Psychology"
"10.1037/0022-006x.71.1.3",2003,"Journal of Consulting and Clinical Psychology"
"10.1037/0022-006x.71.1.3",2003,"Journal of Consulting and Clinical Psychology"
"10.1037/0022-006x.71.1.3",2003,"Journal of Consulting and Clinical Psychology"
"10.1037/0022-006x.71.1.3",2003,"Journal of Consulting and Clinical Psychology"
"10.1037/0022-006x.71.1.3",2003,"Journal of Consulting and Clinical Psychology"
"10.1037/0022-006x.71.1.3",2003,"Journal of Consulting and Clinical Psychology"
"10.1037/0022-006x.71.1.3",2003,"Journal of Consulting and Clinical Psychology"
"10.1037/0022-006x.71.1.3",2003,"Journal of Consulting and Clinical Psychology"
"10.1037/0022-006x.71.1.3",2003,"Journal of Consulting and Clinical Psychology"
"10.1037/0022-006x.71.1.3",2003,"Journal of Consulting and Clinical Psychology"
"10.1037/0022-006x.71.1.3",2003,"Journal of Consulting and Clinical Psychology"
"10.1037/0022-006x.71.1.3",2003,"Journal of Consulting and Clinical Psychology"
"10.1037/0022-006x.71.1.3",2003,"Journal of Consulting and Clinical Psychology"
"10.1037/0022-006x.71.1.3",2003,"Journal of Consulting and Clinical Psychology"
"10.1037/0022-006x.71.1.3",2003,"Journal of Consulting and Clinical Psychology"
"10.1037/0022-006x.71.1.3",2003,"Journal of Consulting and Clinical Psychology"
"10.1037/0022-006x.71.1.3",2003,"Journal of Consulting and Clinical Psychology"
"10.1037/0022-006x.71.1.3",2003,"Journal of Consulting and Clinical Psychology"
"10.1037/0022-006x.72.1.19",2004,"Journal of Consulting and Clinical Psychology"
"10.1037/0022-006x.72.1.19",2004,"Journal of Consulting and Clinical Psychology"
"10.1037/0022-006x.72.1.19",2004,"Journal of Consulting and Clinical Psychology"
"10.1037/0022-006x.72.1.19",2004,"Journal of Consulting and Clinical Psychology"
"10.1037/0022-006x.72.1.19",2004,"Journal of Consulting and Clinical Psychology"
"10.1037/0022-006x.72.1.19",2004,"Journal of Consulting and Clinical Psychology"
"10.1037/0022-006x.72.1.19",2004,"Journal of Consulting and Clinical Psychology"
"10.1037/0022-006x.72.1.19",2004,"Journal of Consulting and Clinical Psychology"
"10.1037/0022-006x.72.1.19",2004,"Journal of Consulting and Clinical Psychology"
"10.1037/0022-006x.72.1.19",2004,"Journal of Consulting and Clinical Psychology"
"10.1037/0022-006x.72.1.19",2004,"Journal of Consulting and Clinical Psychology"
"10.1037/0022-006x.72.1.3",2004,"Journal of Consulting and Clinical Psychology"
"10.1037/0022-006x.72.1.3",2004,"Journal of Consulting and Clinical Psychology"
"10.1037/0022-006x.72.1.3",2004,"Journal of Consulting and Clinical Psychology"
"10.1037/0022-006x.72.1.3",2004,"Journal of Consulting and Clinical Psychology"
"10.1037/0022-006x.72.1.3",2004,"Journal of Consulting and Clinical Psychology"
"10.1037/0022-006x.72.1.3",2004,"Journal of Consulting and Clinical Psychology"
"10.1037/0022-006x.72.1.3",2004,"Journal of Consulting and Clinical Psychology"
"10.1037/0022-006x.72.1.3",2004,"Journal of Consulting and Clinical Psychology"
"10.1037/0022-006x.72.1.3",2004,"Journal of Consulting and Clinical Psychology"
"10.1037/0022-006x.72.1.3",2004,"Journal of Consulting and Clinical Psychology"
"10.1037/0022-006x.72.1.3",2004,"Journal of Consulting and Clinical Psychology"
"10.1037/0022-006x.72.1.3",2004,"Journal of Consulting and Clinical Psychology"
"10.1037/0022-006x.72.1.3",2004,"Journal of Consulting and Clinical Psychology"
"10.1037/0022-006x.72.1.3",2004,"Journal of Consulting and Clinical Psychology"
"10.1037/0022-006x.72.1.3",2004,"Journal of Consulting and Clinical Psychology"
"10.1037/0022-006x.72.1.3",2004,"Journal of Consulting and Clinical Psychology"
"10.1037/0022-006x.72.1.3",2004,"Journal of Consulting and Clinical Psychology"
"10.1037/0022-006x.72.1.3",2004,"Journal of Consulting and Clinical Psychology"
"10.1037/0022-006x.72.1.3",2004,"Journal of Consulting and Clinical Psychology"
"10.1037/0022-006x.72.1.3",2004,"Journal of Consulting and Clinical Psychology"
"10.1037/0022-006x.72.1.3",2004,"Journal of Consulting and Clinical Psychology"
"10.1037/0022-006x.72.1.3",2004,"Journal of Consulting and Clinical Psychology"
"10.1037/0022-006x.72.1.3",2004,"Journal of Consulting and Clinical Psychology"
"10.1037/0022-006x.72.1.3",2004,"Journal of Consulting and Clinical Psychology"
"10.1037/0022-006x.72.1.3",2004,"Journal of Consulting and Clinical Psychology"
"10.1037/0022-006x.72.1.3",2004,"Journal of Consulting and Clinical Psychology"
"10.1037/0022-006x.72.1.3",2004,"Journal of Consulting and Clinical Psychology"
"10.1037/0022-006x.72.1.3",2004,"Journal of Consulting and Clinical Psychology"
"10.1037/0022-006x.72.1.3",2004,"Journal of Consulting and Clinical Psychology"
"10.1037/0022-006x.72.1.3",2004,"Journal of Consulting and Clinical Psychology"
"10.1037/0022-006x.74.1.1",2006,"Journal of Consulting and Clinical Psychology"
"10.1037/0022-006x.74.1.1",2006,"Journal of Consulting and Clinical Psychology"
"10.1037/0022-006x.74.1.1",2006,"Journal of Consulting and Clinical Psychology"
"10.1037/0022-006x.74.1.1",2006,"Journal of Consulting and Clinical Psychology"
"10.1037/0022-006x.74.1.1",2006,"Journal of Consulting and Clinical Psychology"
"10.1037/0022-006x.74.1.1",2006,"Journal of Consulting and Clinical Psychology"
"10.1037/0022-006x.74.1.1",2006,"Journal of Consulting and Clinical Psychology"
"10.1037/0022-006x.74.1.1",2006,"Journal of Consulting and Clinical Psychology"
"10.1037/0022-006x.74.1.1",2006,"Journal of Consulting and Clinical Psychology"
"10.1037/0022-006x.74.1.1",2006,"Journal of Consulting and Clinical Psychology"
"10.1037/0022-006x.74.1.1",2006,"Journal of Consulting and Clinical Psychology"
"10.1037/0022-006x.74.1.1",2006,"Journal of Consulting and Clinical Psychology"
"10.1037/0022-006x.74.1.1",2006,"Journal of Consulting and Clinical Psychology"
"10.1037/0022-006x.74.1.1",2006,"Journal of Consulting and Clinical Psychology"
"10.1037/0022-006x.75.1.160",2007,"Journal of Consulting and Clinical Psychology"
"10.1037/0022-006x.75.1.160",2007,"Journal of Consulting and Clinical Psychology"
"10.1037/0022-006x.75.1.160",2007,"Journal of Consulting and Clinical Psychology"
"10.1037/0022-006x.75.1.160",2007,"Journal of Consulting and Clinical Psychology"
"10.1037/0022-006x.75.1.160",2007,"Journal of Consulting and Clinical Psychology"
"10.1037/0022-006x.75.1.160",2007,"Journal of Consulting and Clinical Psychology"
"10.1037/0022-006x.75.1.160",2007,"Journal of Consulting and Clinical Psychology"
"10.1037/0022-006x.75.1.160",2007,"Journal of Consulting and Clinical Psychology"
"10.1037/0022-006x.75.1.160",2007,"Journal of Consulting and Clinical Psychology"
"10.1037/0022-006x.75.1.160",2007,"Journal of Consulting and Clinical Psychology"
"10.1037/0022-006x.75.1.160",2007,"Journal of Consulting and Clinical Psychology"
"10.1037/0022-006x.75.1.160",2007,"Journal of Consulting and Clinical Psychology"
"10.1037/0022-006x.75.1.160",2007,"Journal of Consulting and Clinical Psychology"
"10.1037/0022-006x.75.1.160",2007,"Journal of Consulting and Clinical Psychology"
"10.1037/0022-006x.75.1.160",2007,"Journal of Consulting and Clinical Psychology"
"10.1037/0022-006x.75.1.160",2007,"Journal of Consulting and Clinical Psychology"
"10.1037/0022-006x.75.1.160",2007,"Journal of Consulting and Clinical Psychology"
"10.1037/0022-006x.75.1.160",2007,"Journal of Consulting and Clinical Psychology"
"10.1037/0022-006x.75.1.1",2007,"Journal of Consulting and Clinical Psychology"
"10.1037/0022-006x.75.1.1",2007,"Journal of Consulting and Clinical Psychology"
"10.1037/0022-006x.75.1.1",2007,"Journal of Consulting and Clinical Psychology"
"10.1037/0022-006x.75.1.1",2007,"Journal of Consulting and Clinical Psychology"
"10.1037/0022-006x.75.1.1",2007,"Journal of Consulting and Clinical Psychology"
"10.1037/0022-006x.75.1.1",2007,"Journal of Consulting and Clinical Psychology"
"10.1037/0022-006x.75.1.1",2007,"Journal of Consulting and Clinical Psychology"
"10.1037/0022-006x.75.1.1",2007,"Journal of Consulting and Clinical Psychology"
"10.1037/0022-006x.75.1.1",2007,"Journal of Consulting and Clinical Psychology"
"10.1037/0022-006x.75.1.1",2007,"Journal of Consulting and Clinical Psychology"
"10.1037/0022-006x.75.1.1",2007,"Journal of Consulting and Clinical Psychology"
"10.1037/0022-006x.75.1.9",2007,"Journal of Consulting and Clinical Psychology"
"10.1037/0022-006x.75.1.9",2007,"Journal of Consulting and Clinical Psychology"
"10.1037/0022-006x.75.1.9",2007,"Journal of Consulting and Clinical Psychology"
"10.1037/0022-006x.75.1.9",2007,"Journal of Consulting and Clinical Psychology"
"10.1037/0022-006x.75.1.9",2007,"Journal of Consulting and Clinical Psychology"
"10.1037/0022-006x.75.1.9",2007,"Journal of Consulting and Clinical Psychology"
"10.1037/0022-006x.75.1.9",2007,"Journal of Consulting and Clinical Psychology"
"10.1037/0022-006x.75.1.9",2007,"Journal of Consulting and Clinical Psychology"
"10.1037/0022-006x.75.1.9",2007,"Journal of Consulting and Clinical Psychology"
"10.1037/0022-006x.75.1.9",2007,"Journal of Consulting and Clinical Psychology"
"10.1037/0022-006x.75.1.9",2007,"Journal of Consulting and Clinical Psychology"
"10.1037/0022-006x.75.1.9",2007,"Journal of Consulting and Clinical Psychology"
"10.1037/0022-006x.75.1.9",2007,"Journal of Consulting and Clinical Psychology"
"10.1037/0022-006x.75.1.9",2007,"Journal of Consulting and Clinical Psychology"
"10.1037/0022-006x.75.1.9",2007,"Journal of Consulting and Clinical Psychology"
"10.1037/0022-006x.75.1.9",2007,"Journal of Consulting and Clinical Psychology"
"10.1037/0022-006x.75.1.9",2007,"Journal of Consulting and Clinical Psychology"
"10.1037/0022-006x.75.1.9",2007,"Journal of Consulting and Clinical Psychology"
"10.1037/0022-006x.75.1.9",2007,"Journal of Consulting and Clinical Psychology"
"10.1037/0022-006x.75.1.9",2007,"Journal of Consulting and Clinical Psychology"
"10.1037/0022-006x.75.1.9",2007,"Journal of Consulting and Clinical Psychology"
"10.1037/0022-006x.75.1.9",2007,"Journal of Consulting and Clinical Psychology"
"10.1037/0022-006x.75.1.9",2007,"Journal of Consulting and Clinical Psychology"
"10.1037/0022-006x.75.1.9",2007,"Journal of Consulting and Clinical Psychology"
"10.1037/0022-006x.76.1.15",2008,"Journal of Consulting and Clinical Psychology"
"10.1037/0022-006x.76.1.15",2008,"Journal of Consulting and Clinical Psychology"
"10.1037/0022-006x.76.1.15",2008,"Journal of Consulting and Clinical Psychology"
"10.1037/0022-006x.76.1.15",2008,"Journal of Consulting and Clinical Psychology"
"10.1037/0022-006x.76.1.15",2008,"Journal of Consulting and Clinical Psychology"
"10.1037/0022-006x.76.1.15",2008,"Journal of Consulting and Clinical Psychology"
"10.1037/0022-006x.76.1.15",2008,"Journal of Consulting and Clinical Psychology"
"10.1037/0022-006x.76.1.15",2008,"Journal of Consulting and Clinical Psychology"
"10.1037/0022-006x.76.1.15",2008,"Journal of Consulting and Clinical Psychology"
"10.1037/0022-006x.76.1.15",2008,"Journal of Consulting and Clinical Psychology"
"10.1037/0022-006x.76.1.15",2008,"Journal of Consulting and Clinical Psychology"
"10.1037/0022-006x.76.1.15",2008,"Journal of Consulting and Clinical Psychology"
"10.1037/0022-006x.76.1.15",2008,"Journal of Consulting and Clinical Psychology"
"10.1037/0022-006x.76.1.15",2008,"Journal of Consulting and Clinical Psychology"
"10.1037/0022-006x.76.1.15",2008,"Journal of Consulting and Clinical Psychology"
"10.1037/0022-006x.76.1.15",2008,"Journal of Consulting and Clinical Psychology"
"10.1037/0022-006x.76.1.9",2008,"Journal of Consulting and Clinical Psychology"
"10.1037/0022-006x.76.1.9",2008,"Journal of Consulting and Clinical Psychology"
"10.1037/0022-006x.76.1.9",2008,"Journal of Consulting and Clinical Psychology"
"10.1037/0022-006x.76.1.9",2008,"Journal of Consulting and Clinical Psychology"
"10.1037/0033-295x.101.1.3",1994,"Psychological Review"
"10.1037/0033-295x.101.1.3",1994,"Psychological Review"
"10.1037/0033-295x.101.1.3",1994,"Psychological Review"
"10.1037/0033-295x.101.1.3",1994,"Psychological Review"
"10.1037/0033-295x.101.1.3",1994,"Psychological Review"
"10.1037/0033-295x.101.1.3",1994,"Psychological Review"
"10.1037/0033-295x.101.1.3",1994,"Psychological Review"
"10.1037/0033-295x.101.1.3",1994,"Psychological Review"
"10.1037/0033-295x.101.1.3",1994,"Psychological Review"
"10.1037/0033-295x.101.1.3",1994,"Psychological Review"
"10.1037/0033-295x.101.1.3",1994,"Psychological Review"
"10.1037/0033-295x.101.1.3",1994,"Psychological Review"
"10.1037/0033-295x.101.1.3",1994,"Psychological Review"
"10.1037/0033-295x.101.1.3",1994,"Psychological Review"
"10.1037/0033-295x.101.1.3",1994,"Psychological Review"
"10.1037/0033-295x.101.1.3",1994,"Psychological Review"
"10.1037/0033-295x.101.1.3",1994,"Psychological Review"
"10.1037/0033-295x.101.1.3",1994,"Psychological Review"
"10.1037/0033-295x.101.1.3",1994,"Psychological Review"
"10.1037/0033-295x.101.1.3",1994,"Psychological Review"
"10.1037/0033-295x.101.1.3",1994,"Psychological Review"
"10.1037/0033-295x.101.1.3",1994,"Psychological Review"
"10.1037/0033-295x.101.1.3",1994,"Psychological Review"
"10.1037/0033-295x.101.1.3",1994,"Psychological Review"
"10.1037/0033-295x.101.1.3",1994,"Psychological Review"
"10.1037/0033-295x.101.1.3",1994,"Psychological Review"
"10.1037/0033-295x.101.1.3",1994,"Psychological Review"
"10.1037/0033-295x.101.1.3",1994,"Psychological Review"
"10.1037/0033-295x.101.1.3",1994,"Psychological Review"
"10.1037/0033-295x.101.1.3",1994,"Psychological Review"
"10.1037/0033-295x.101.1.3",1994,"Psychological Review"
"10.1037/0033-295x.101.1.3",1994,"Psychological Review"
"10.1037/0033-295x.101.1.3",1994,"Psychological Review"
"10.1037/0033-295x.101.1.3",1994,"Psychological Review"
"10.1037/0033-295x.101.1.3",1994,"Psychological Review"
"10.1037/0033-295x.101.1.3",1994,"Psychological Review"
"10.1037/0033-295x.101.1.3",1994,"Psychological Review"
"10.1037/0033-295x.101.1.3",1994,"Psychological Review"
"10.1037/0033-295x.101.1.3",1994,"Psychological Review"
"10.1037/0033-295x.101.1.3",1994,"Psychological Review"
"10.1037/0033-295x.101.1.3",1994,"Psychological Review"
"10.1037/0033-295x.101.1.3",1994,"Psychological Review"
"10.1037/0033-295x.101.1.3",1994,"Psychological Review"
"10.1037/0033-295x.101.1.3",1994,"Psychological Review"
"10.1037/0033-295x.101.1.3",1994,"Psychological Review"
"10.1037/0033-295x.101.1.3",1994,"Psychological Review"
"10.1037/0033-295x.101.1.3",1994,"Psychological Review"
"10.1037/0033-295x.101.1.3",1994,"Psychological Review"
"10.1037/0033-295x.101.1.3",1994,"Psychological Review"
"10.1037/0033-295x.101.1.3",1994,"Psychological Review"
"10.1037/0033-295x.101.1.3",1994,"Psychological Review"
"10.1037/0033-295x.107.1.162",2000,"Psychological Review"
"10.1037/0033-295x.107.1.162",2000,"Psychological Review"
"10.1037/0033-295x.107.1.162",2000,"Psychological Review"
"10.1037/0033-295x.107.1.162",2000,"Psychological Review"
"10.1037/0033-295x.107.1.162",2000,"Psychological Review"
"10.1037/0033-295x.107.1.162",2000,"Psychological Review"
"10.1037/0033-295x.107.1.162",2000,"Psychological Review"
"10.1037/0033-295x.107.1.162",2000,"Psychological Review"
"10.1037/0033-295x.107.1.162",2000,"Psychological Review"
"10.1037/0033-295x.107.1.162",2000,"Psychological Review"
"10.1037/0033-295x.107.1.162",2000,"Psychological Review"
"10.1037/0033-295x.107.1.162",2000,"Psychological Review"
"10.1037/0033-295x.107.1.162",2000,"Psychological Review"
"10.1037/0033-295x.107.1.162",2000,"Psychological Review"
"10.1037/0033-295x.107.1.162",2000,"Psychological Review"
"10.1037/0033-295x.107.1.162",2000,"Psychological Review"
"10.1037/0033-295x.109.1.3",2002,"Psychological Review"
"10.1037/0033-295x.109.1.3",2002,"Psychological Review"
"10.1037/0033-295x.109.1.3",2002,"Psychological Review"
"10.1037/0033-295x.109.1.3",2002,"Psychological Review"
"10.1037/0033-295x.109.1.3",2002,"Psychological Review"
"10.1037/0033-295x.109.1.3",2002,"Psychological Review"
"10.1037/0033-295x.111.1.3",2004,"Psychological Review"
"10.1037/0033-295x.111.1.3",2004,"Psychological Review"
"10.1037/0033-295x.111.1.3",2004,"Psychological Review"
"10.1037/0033-295x.113.1.1",2006,"Psychological Review"
"10.1037/0033-295x.113.1.1",2006,"Psychological Review"
"10.1037/0033-295x.113.1.1",2006,"Psychological Review"
"10.1037/0033-295x.113.1.1",2006,"Psychological Review"
"10.1037/0033-295x.113.1.1",2006,"Psychological Review"
"10.1037/0033-295x.113.1.1",2006,"Psychological Review"
"10.1037/0033-295x.113.1.1",2006,"Psychological Review"
"10.1037/0033-295x.113.1.1",2006,"Psychological Review"
"10.1037/0033-295x.113.1.1",2006,"Psychological Review"
"10.1037/0033-295x.113.1.1",2006,"Psychological Review"
"10.1037/0033-295x.113.1.1",2006,"Psychological Review"
"10.1037/0033-295x.113.1.1",2006,"Psychological Review"
"10.1037/0033-295x.113.1.1",2006,"Psychological Review"
"10.1037/0033-295x.96.1.5",1989,"Psychological Review"
"10.1037/0033-295x.96.1.5",1989,"Psychological Review"
"10.1037/0033-295x.96.1.5",1989,"Psychological Review"
"10.1037/0033-295x.96.1.5",1989,"Psychological Review"
"10.1037/0033-295x.96.1.5",1989,"Psychological Review"
"10.1037/0033-295x.96.1.5",1989,"Psychological Review"
"10.1037/0033-295x.96.1.5",1989,"Psychological Review"
"10.1037/0033-295x.96.1.5",1989,"Psychological Review"
"10.1037/0033-295x.96.1.5",1989,"Psychological Review"
"10.1037/0033-295x.96.1.5",1989,"Psychological Review"
"10.1037/0033-295x.96.1.5",1989,"Psychological Review"
"10.1037/0033-295x.96.1.5",1989,"Psychological Review"
"10.1037/0033-295x.96.1.5",1989,"Psychological Review"
"10.1037/0033-295x.96.1.5",1989,"Psychological Review"
"10.1037/0033-295x.96.1.5",1989,"Psychological Review"
"10.1037/0033-295x.96.1.5",1989,"Psychological Review"
"10.1037/0033-295x.96.1.5",1989,"Psychological Review"
"10.1037/0033-295x.96.1.5",1989,"Psychological Review"
"10.1037/0033-295x.96.1.5",1989,"Psychological Review"
"10.1037/0033-295x.96.1.5",1989,"Psychological Review"
"10.1037/0033-295x.96.1.5",1989,"Psychological Review"
"10.1037/0033-295x.96.1.5",1989,"Psychological Review"
"10.1037/0033-295x.96.1.5",1989,"Psychological Review"
"10.1037/0033-295x.96.1.5",1989,"Psychological Review"
"10.1037/0033-295x.96.1.5",1989,"Psychological Review"
"10.1037/0033-295x.96.1.5",1989,"Psychological Review"
"10.1037/0033-295x.96.1.5",1989,"Psychological Review"
"10.1037/0033-295x.96.1.5",1989,"Psychological Review"
"10.1037/0033-295x.96.1.5",1989,"Psychological Review"
"10.1037/0033-295x.96.1.5",1989,"Psychological Review"
"10.1037/0033-295x.96.1.5",1989,"Psychological Review"
"10.1037/0033-295x.96.1.5",1989,"Psychological Review"
"10.1037/0033-295x.96.1.5",1989,"Psychological Review"
"10.1037/0033-295x.96.1.5",1989,"Psychological Review"
"10.1037/0033-295x.96.1.5",1989,"Psychological Review"
"10.1037/0033-295x.96.1.5",1989,"Psychological Review"
"10.1037/0033-295x.96.1.5",1989,"Psychological Review"
"10.1037/0033-295x.96.1.5",1989,"Psychological Review"
"10.1037/0033-295x.96.1.5",1989,"Psychological Review"
"10.1037/0033-295x.96.1.5",1989,"Psychological Review"
"10.1037/0033-295x.96.1.5",1989,"Psychological Review"
"10.1037/0033-295x.96.1.5",1989,"Psychological Review"
"10.1037/0033-295x.96.1.5",1989,"Psychological Review"
"10.1037/0033-295x.96.1.5",1989,"Psychological Review"
"10.1037/0033-295x.96.1.5",1989,"Psychological Review"
"10.1037/0033-295x.96.1.5",1989,"Psychological Review"
"10.1037/0033-295x.96.1.5",1989,"Psychological Review"
"10.1037/0033-295x.96.1.5",1989,"Psychological Review"
"10.1037/0033-295x.96.1.5",1989,"Psychological Review"
"10.1037/0033-295x.96.1.5",1989,"Psychological Review"
"10.1037/0033-295x.96.1.5",1989,"Psychological Review"
"10.1037/0278-6133.27.2(suppl.).s180",2008,"Health Psychology"
"10.1037/0278-6133.27.2(suppl.).s180",2008,"Health Psychology"
"10.1037/0278-6133.27.3(suppl.).s271",2008,"Health Psychology"
"10.1037/0278-6133.27.3(suppl.).s271",2008,"Health Psychology"
"10.1037/0278-6133.27.3(suppl.).s271",2008,"Health Psychology"
"10.1037/0278-6133.27.3(suppl.).s271",2008,"Health Psychology"
"10.1037/0278-6133.27.3(suppl.).s271",2008,"Health Psychology"
"10.1037/0278-6133.27.3(suppl.).s271",2008,"Health Psychology"
"10.1037/0278-6133.27.3(suppl.).s271",2008,"Health Psychology"
"10.1037/0893-164x.10.1.3",1996,"Psychology of Addictive Behaviors"
"10.1037/0893-164x.10.1.3",1996,"Psychology of Addictive Behaviors"
"10.1037/0893-164x.10.1.3",1996,"Psychology of Addictive Behaviors"
"10.1037/0893-164x.10.1.3",1996,"Psychology of Addictive Behaviors"
"10.1037/0893-164x.10.1.3",1996,"Psychology of Addictive Behaviors"
"10.1037/0893-164x.10.1.3",1996,"Psychology of Addictive Behaviors"
"10.1037/0893-164x.10.1.3",1996,"Psychology of Addictive Behaviors"
"10.1037/0893-164x.10.1.3",1996,"Psychology of Addictive Behaviors"
"10.1037/0893-164x.10.1.3",1996,"Psychology of Addictive Behaviors"
"10.1037/0893-164x.10.1.3",1996,"Psychology of Addictive Behaviors"
"10.1037/0893-164x.10.1.3",1996,"Psychology of Addictive Behaviors"
"10.1037/0893-164x.10.1.3",1996,"Psychology of Addictive Behaviors"
"10.1037/0893-164x.10.1.3",1996,"Psychology of Addictive Behaviors"
"10.1037/0893-164x.10.1.3",1996,"Psychology of Addictive Behaviors"
"10.1037/0893-164x.10.1.3",1996,"Psychology of Addictive Behaviors"
"10.1037/0893-164x.10.1.3",1996,"Psychology of Addictive Behaviors"
"10.1037/0893-164x.10.1.3",1996,"Psychology of Addictive Behaviors"
"10.1037/0893-164x.11.1.3",1997,"Psychology of Addictive Behaviors"
"10.1037/0893-164x.11.1.3",1997,"Psychology of Addictive Behaviors"
"10.1037/0893-164x.11.1.3",1997,"Psychology of Addictive Behaviors"
"10.1037/0893-164x.11.1.3",1997,"Psychology of Addictive Behaviors"
"10.1037/0893-164x.11.1.3",1997,"Psychology of Addictive Behaviors"
"10.1037/0893-164x.11.1.3",1997,"Psychology of Addictive Behaviors"
"10.1037/0893-164x.11.1.3",1997,"Psychology of Addictive Behaviors"
"10.1037/0893-164x.12.1.3",1998,"Psychology of Addictive Behaviors"
"10.1037/0893-164x.12.1.3",1998,"Psychology of Addictive Behaviors"
"10.1037/0893-164x.12.1.3",1998,"Psychology of Addictive Behaviors"
"10.1037/0893-164x.12.1.3",1998,"Psychology of Addictive Behaviors"
"10.1037/0893-164x.12.1.3",1998,"Psychology of Addictive Behaviors"
"10.1037/0893-164x.12.1.3",1998,"Psychology of Addictive Behaviors"
"10.1037/0893-164x.12.1.3",1998,"Psychology of Addictive Behaviors"
"10.1037/0893-164x.12.1.3",1998,"Psychology of Addictive Behaviors"
"10.1037/0893-164x.12.1.3",1998,"Psychology of Addictive Behaviors"
"10.1037/0893-164x.12.1.3",1998,"Psychology of Addictive Behaviors"
"10.1037/0893-164x.12.1.3",1998,"Psychology of Addictive Behaviors"
"10.1037/0893-164x.18.1.3",2004,"Psychology of Addictive Behaviors"
"10.1037/0893-164x.18.1.3",2004,"Psychology of Addictive Behaviors"
"10.1037/0893-164x.18.1.3",2004,"Psychology of Addictive Behaviors"
"10.1037/0893-164x.18.1.3",2004,"Psychology of Addictive Behaviors"
"10.1037/0893-164x.18.1.3",2004,"Psychology of Addictive Behaviors"
"10.1037/0893-164x.18.1.3",2004,"Psychology of Addictive Behaviors"
"10.1037/0893-164x.18.1.3",2004,"Psychology of Addictive Behaviors"
"10.1037/0893-164x.18.1.3",2004,"Psychology of Addictive Behaviors"
"10.1037/0893-164x.18.1.3",2004,"Psychology of Addictive Behaviors"
"10.1037/0893-164x.18.1.3",2004,"Psychology of Addictive Behaviors"
"10.1037/0893-164x.18.1.3",2004,"Psychology of Addictive Behaviors"
"10.1037/0893-164x.18.1.3",2004,"Psychology of Addictive Behaviors"
"10.1037/0893-164x.18.1.3",2004,"Psychology of Addictive Behaviors"
"10.1037/0893-164x.18.1.3",2004,"Psychology of Addictive Behaviors"
"10.1037/0893-164x.18.1.3",2004,"Psychology of Addictive Behaviors"
"10.1037/0893-164x.18.1.3",2004,"Psychology of Addictive Behaviors"
"10.1037/0893-164x.18.1.3",2004,"Psychology of Addictive Behaviors"
"10.1037/0893-164x.18.1.3",2004,"Psychology of Addictive Behaviors"
"10.1037/0893-164x.18.1.3",2004,"Psychology of Addictive Behaviors"
"10.1037/0893-164x.18.1.3",2004,"Psychology of Addictive Behaviors"
"10.1037/0893-164x.18.1.3",2004,"Psychology of Addictive Behaviors"
"10.1037/0893-164x.18.1.3",2004,"Psychology of Addictive Behaviors"
"10.1037/0893-164x.18.1.3",2004,"Psychology of Addictive Behaviors"
"10.1037/0893-164x.18.1.3",2004,"Psychology of Addictive Behaviors"
"10.1037/0893-164x.18.1.3",2004,"Psychology of Addictive Behaviors"
"10.1037/0893-164x.18.1.3",2004,"Psychology of Addictive Behaviors"
"10.1037/0893-164x.18.1.3",2004,"Psychology of Addictive Behaviors"
"10.1037/0893-164x.18.1.3",2004,"Psychology of Addictive Behaviors"
"10.1037/0893-164x.19.1.10",2005,"Psychology of Addictive Behaviors"
"10.1037/0893-164x.19.1.10",2005,"Psychology of Addictive Behaviors"
"10.1037/0893-164x.19.1.10",2005,"Psychology of Addictive Behaviors"
"10.1037/0893-164x.19.1.10",2005,"Psychology of Addictive Behaviors"
"10.1037/0893-164x.19.1.10",2005,"Psychology of Addictive Behaviors"
"10.1037/0893-164x.19.1.10",2005,"Psychology of Addictive Behaviors"
"10.1037/0893-164x.19.1.10",2005,"Psychology of Addictive Behaviors"
"10.1037/0893-164x.19.1.10",2005,"Psychology of Addictive Behaviors"
"10.1037/0893-164x.19.1.10",2005,"Psychology of Addictive Behaviors"
"10.1037/0893-164x.19.1.10",2005,"Psychology of Addictive Behaviors"
"10.1037/0893-164x.19.1.10",2005,"Psychology of Addictive Behaviors"
"10.1037/0893-164x.19.1.10",2005,"Psychology of Addictive Behaviors"
"10.1037/0893-164x.19.1.10",2005,"Psychology of Addictive Behaviors"
"10.1037/0893-164x.19.1.10",2005,"Psychology of Addictive Behaviors"
"10.1037/0893-164x.19.1.10",2005,"Psychology of Addictive Behaviors"
"10.1037/0893-164x.19.1.10",2005,"Psychology of Addictive Behaviors"
"10.1037/0893-164x.19.1.10",2005,"Psychology of Addictive Behaviors"
"10.1037/0893-164x.19.1.10",2005,"Psychology of Addictive Behaviors"
"10.1037/0893-164x.19.1.10",2005,"Psychology of Addictive Behaviors"
"10.1037/0893-164x.19.1.10",2005,"Psychology of Addictive Behaviors"
"10.1037/0893-164x.19.1.10",2005,"Psychology of Addictive Behaviors"
"10.1037/0893-164x.19.1.10",2005,"Psychology of Addictive Behaviors"
"10.1037/0893-164x.19.1.10",2005,"Psychology of Addictive Behaviors"
"10.1037/0893-164x.19.1.10",2005,"Psychology of Addictive Behaviors"
"10.1037/0893-164x.19.1.10",2005,"Psychology of Addictive Behaviors"
"10.1037/0893-164x.19.1.10",2005,"Psychology of Addictive Behaviors"
"10.1037/0893-164x.19.1.10",2005,"Psychology of Addictive Behaviors"
"10.1037/0893-164x.19.1.10",2005,"Psychology of Addictive Behaviors"
"10.1037/0893-164x.19.1.10",2005,"Psychology of Addictive Behaviors"
"10.1037/0893-164x.19.1.10",2005,"Psychology of Addictive Behaviors"
"10.1037/0893-164x.19.1.10",2005,"Psychology of Addictive Behaviors"
"10.1037/0893-164x.19.1.10",2005,"Psychology of Addictive Behaviors"
"10.1037/0893-164x.19.1.10",2005,"Psychology of Addictive Behaviors"
"10.1037/0893-164x.19.1.10",2005,"Psychology of Addictive Behaviors"
"10.1037/0893-164x.19.1.10",2005,"Psychology of Addictive Behaviors"
"10.1037/0893-164x.19.1.10",2005,"Psychology of Addictive Behaviors"
"10.1037/0893-164x.19.1.10",2005,"Psychology of Addictive Behaviors"
"10.1037/0893-164x.19.1.10",2005,"Psychology of Addictive Behaviors"
"10.1037/0893-164x.19.1.10",2005,"Psychology of Addictive Behaviors"
"10.1037/0893-164x.19.1.10",2005,"Psychology of Addictive Behaviors"
"10.1037/0893-164x.19.1.10",2005,"Psychology of Addictive Behaviors"
"10.1037/0893-164x.19.1.10",2005,"Psychology of Addictive Behaviors"
"10.1037/0893-164x.19.1.10",2005,"Psychology of Addictive Behaviors"
"10.1037/0893-164x.19.1.10",2005,"Psychology of Addictive Behaviors"
"10.1037/0893-164x.19.1.3",2005,"Psychology of Addictive Behaviors"
"10.1037/0893-164x.19.1.3",2005,"Psychology of Addictive Behaviors"
"10.1037/0893-164x.20.1.1",2006,"Psychology of Addictive Behaviors"
"10.1037/0893-164x.20.1.1",2006,"Psychology of Addictive Behaviors"
"10.1037/0893-164x.20.1.1",2006,"Psychology of Addictive Behaviors"
"10.1037/0893-164x.20.1.1",2006,"Psychology of Addictive Behaviors"
"10.1037/0893-164x.20.1.1",2006,"Psychology of Addictive Behaviors"
"10.1037/0893-164x.20.1.1",2006,"Psychology of Addictive Behaviors"
"10.1037/0893-164x.20.1.1",2006,"Psychology of Addictive Behaviors"
"10.1037/0893-164x.20.1.1",2006,"Psychology of Addictive Behaviors"
"10.1037/0893-164x.20.1.1",2006,"Psychology of Addictive Behaviors"
"10.1037/0893-164x.20.1.1",2006,"Psychology of Addictive Behaviors"
"10.1037/0893-164x.20.1.1",2006,"Psychology of Addictive Behaviors"
"10.1037/0893-164x.20.1.1",2006,"Psychology of Addictive Behaviors"
"10.1037/0893-164x.20.2.117",2006,"Psychology of Addictive Behaviors"
"10.1037/0893-164x.20.2.117",2006,"Psychology of Addictive Behaviors"
"10.1037/0893-164x.20.2.117",2006,"Psychology of Addictive Behaviors"
"10.1037/0893-164x.20.2.117",2006,"Psychology of Addictive Behaviors"
"10.1037/0893-164x.21.1.1",2007,"Psychology of Addictive Behaviors"
"10.1037/0893-164x.21.1.1",2007,"Psychology of Addictive Behaviors"
"10.1037/0893-164x.21.1.1",2007,"Psychology of Addictive Behaviors"
"10.1037/0893-164x.21.1.1",2007,"Psychology of Addictive Behaviors"
"10.1037/0893-164x.21.1.1",2007,"Psychology of Addictive Behaviors"
"10.1037/0893-164x.21.1.1",2007,"Psychology of Addictive Behaviors"
"10.1037/0893-164x.21.2.266",2007,"Psychology of Addictive Behaviors"
"10.1037/0893-164x.21.2.266",2007,"Psychology of Addictive Behaviors"
"10.1037/0893-164x.21.2.266",2007,"Psychology of Addictive Behaviors"
"10.1037/0893-164x.21.2.266",2007,"Psychology of Addictive Behaviors"
"10.1037/0893-164x.21.2.266",2007,"Psychology of Addictive Behaviors"
"10.1037/0893-164x.21.4.587",2007,"Psychology of Addictive Behaviors"
"10.1037/0893-164x.21.4.587",2007,"Psychology of Addictive Behaviors"
"10.1037/0893-164x.21.4.587",2007,"Psychology of Addictive Behaviors"
"10.1037/0893-164x.21.4.587",2007,"Psychology of Addictive Behaviors"
"10.1037/0893-164x.21.4.587",2007,"Psychology of Addictive Behaviors"
"10.1037/0893-164x.21.4.587",2007,"Psychology of Addictive Behaviors"
"10.1037/0893-164x.21.4.587",2007,"Psychology of Addictive Behaviors"
"10.1037/0893-164x.21.4.587",2007,"Psychology of Addictive Behaviors"
"10.1037/1076-898x.12.1.1",2006,"Journal of Experimental Psychology: Applied"
"10.1037/1076-898x.12.1.1",2006,"Journal of Experimental Psychology: Applied"
"10.1037/1076-898x.12.1.1",2006,"Journal of Experimental Psychology: Applied"
"10.1037/1076-898x.12.1.1",2006,"Journal of Experimental Psychology: Applied"
"10.1037/1076-898x.14.1.5",2008,"Journal of Experimental Psychology: Applied"
"10.1037/1076-898x.14.1.5",2008,"Journal of Experimental Psychology: Applied"
"10.1037/1076-898x.14.1.5",2008,"Journal of Experimental Psychology: Applied"
"10.1037/1076-898x.14.1.5",2008,"Journal of Experimental Psychology: Applied"
"10.1037/1076-898x.14.1.5",2008,"Journal of Experimental Psychology: Applied"
"10.1037/1076-898x.14.1.5",2008,"Journal of Experimental Psychology: Applied"
"10.1037/1076-898x.14.1.5",2008,"Journal of Experimental Psychology: Applied"
"10.1037/1076-898x.14.1.5",2008,"Journal of Experimental Psychology: Applied"
"10.1037/1076-898x.14.1.5",2008,"Journal of Experimental Psychology: Applied"
"10.1037/1076-898x.14.1.5",2008,"Journal of Experimental Psychology: Applied"
"10.1037/1076-898x.14.1.5",2008,"Journal of Experimental Psychology: Applied"
"10.1037/1076-898x.14.1.5",2008,"Journal of Experimental Psychology: Applied"
"10.1037/1076-898x.14.1.5",2008,"Journal of Experimental Psychology: Applied"
"10.1037/1076-898x.14.1.5",2008,"Journal of Experimental Psychology: Applied"
"10.1037/1076-898x.14.1.5",2008,"Journal of Experimental Psychology: Applied"
"10.1037/1076-898x.14.1.5",2008,"Journal of Experimental Psychology: Applied"
"10.1037/1076-898x.14.1.5",2008,"Journal of Experimental Psychology: Applied"
"10.1037/1076-898x.14.1.5",2008,"Journal of Experimental Psychology: Applied"
"10.1037/1076-898x.14.1.5",2008,"Journal of Experimental Psychology: Applied"
"10.1037/1076-898x.14.1.5",2008,"Journal of Experimental Psychology: Applied"
"10.1037/1076-898x.14.1.5",2008,"Journal of Experimental Psychology: Applied"
"10.1037/1076-898x.14.1.5",2008,"Journal of Experimental Psychology: Applied"
"10.1037/1076-898x.14.1.5",2008,"Journal of Experimental Psychology: Applied"
"10.1037/1076-898x.14.1.5",2008,"Journal of Experimental Psychology: Applied"
"10.1037/1076-898x.14.1.5",2008,"Journal of Experimental Psychology: Applied"
"10.1037/1076-898x.14.1.5",2008,"Journal of Experimental Psychology: Applied"
"10.1037/1076-898x.14.1.5",2008,"Journal of Experimental Psychology: Applied"
"10.1037/1076-898x.14.1.5",2008,"Journal of Experimental Psychology: Applied"
"10.1037/1076-898x.14.1.5",2008,"Journal of Experimental Psychology: Applied"
"10.1037/1076-898x.14.1.5",2008,"Journal of Experimental Psychology: Applied"
"10.1037/1076-898x.14.1.5",2008,"Journal of Experimental Psychology: Applied"
"10.1037/1076-898x.14.1.5",2008,"Journal of Experimental Psychology: Applied"
"10.1037/1076-898x.14.1.5",2008,"Journal of Experimental Psychology: Applied"
"10.1037/1076-898x.14.1.5",2008,"Journal of Experimental Psychology: Applied"
"10.1037/1076-898x.14.1.5",2008,"Journal of Experimental Psychology: Applied"
"10.1037/1076-898x.14.1.5",2008,"Journal of Experimental Psychology: Applied"
"10.1037/1076-898x.14.1.5",2008,"Journal of Experimental Psychology: Applied"
"10.1037/1076-898x.14.1.5",2008,"Journal of Experimental Psychology: Applied"
"10.1037/1076-898x.14.1.5",2008,"Journal of Experimental Psychology: Applied"
"10.1037/1076-898x.14.1.5",2008,"Journal of Experimental Psychology: Applied"
"10.1037/1076-898x.14.1.5",2008,"Journal of Experimental Psychology: Applied"
"10.1037/1076-898x.14.1.5",2008,"Journal of Experimental Psychology: Applied"
"10.1037/1076-898x.14.1.5",2008,"Journal of Experimental Psychology: Applied"
"10.1037/1076-898x.14.1.5",2008,"Journal of Experimental Psychology: Applied"
"10.1037/1076-898x.14.1.5",2008,"Journal of Experimental Psychology: Applied"
"10.1037/1076-898x.14.1.5",2008,"Journal of Experimental Psychology: Applied"
"10.1037/1076-898x.14.1.5",2008,"Journal of Experimental Psychology: Applied"
"10.1037/1076-898x.14.1.5",2008,"Journal of Experimental Psychology: Applied"
"10.1037/1076-898x.14.1.5",2008,"Journal of Experimental Psychology: Applied"
"10.1037/1076-898x.14.1.5",2008,"Journal of Experimental Psychology: Applied"
"10.1037/1076-898x.14.1.5",2008,"Journal of Experimental Psychology: Applied"
"10.1037/1076-898x.14.1.5",2008,"Journal of Experimental Psychology: Applied"
"10.1037/1076-898x.14.1.5",2008,"Journal of Experimental Psychology: Applied"
"10.1037/1076-898x.14.1.5",2008,"Journal of Experimental Psychology: Applied"
"10.1037/1076-898x.5.1.3",1999,"Journal of Experimental Psychology: Applied"
"10.1037/1076-898x.5.1.3",1999,"Journal of Experimental Psychology: Applied"
"10.1037/1076-898x.5.1.3",1999,"Journal of Experimental Psychology: Applied"
"10.1037/1076-898x.5.1.3",1999,"Journal of Experimental Psychology: Applied"
"10.1037/1076-898x.5.1.3",1999,"Journal of Experimental Psychology: Applied"
"10.1037/1076-898x.5.1.3",1999,"Journal of Experimental Psychology: Applied"
"10.1037/1076-898x.5.1.3",1999,"Journal of Experimental Psychology: Applied"
"10.1037/1076-898x.5.1.3",1999,"Journal of Experimental Psychology: Applied"
"10.1037/1076-898x.5.1.3",1999,"Journal of Experimental Psychology: Applied"
"10.1037/1076-898x.5.1.3",1999,"Journal of Experimental Psychology: Applied"
"10.1037/1076-898x.5.1.3",1999,"Journal of Experimental Psychology: Applied"
"10.1037/1076-898x.5.1.3",1999,"Journal of Experimental Psychology: Applied"
"10.1037/1076-898x.6.1.3",2000,"Journal of Experimental Psychology: Applied"
"10.1037/1076-898x.6.1.3",2000,"Journal of Experimental Psychology: Applied"
"10.1037/1076-898x.6.1.3",2000,"Journal of Experimental Psychology: Applied"
"10.1037/1076-898x.6.1.3",2000,"Journal of Experimental Psychology: Applied"
"10.1037/1076-898x.6.1.3",2000,"Journal of Experimental Psychology: Applied"
"10.1037/1076-898x.6.1.3",2000,"Journal of Experimental Psychology: Applied"
"10.1037/1076-898x.6.1.3",2000,"Journal of Experimental Psychology: Applied"
"10.1037/1076-898x.6.1.3",2000,"Journal of Experimental Psychology: Applied"
"10.1037/1076-898x.6.1.3",2000,"Journal of Experimental Psychology: Applied"
"10.1037/1076-898x.6.1.3",2000,"Journal of Experimental Psychology: Applied"
"10.1037/1076-898x.6.1.3",2000,"Journal of Experimental Psychology: Applied"
"10.1037/1076-898x.6.1.3",2000,"Journal of Experimental Psychology: Applied"
"10.1037/1076-898x.6.1.3",2000,"Journal of Experimental Psychology: Applied"
"10.1037/1076-898x.6.1.3",2000,"Journal of Experimental Psychology: Applied"
"10.1037/1076-898x.6.1.3",2000,"Journal of Experimental Psychology: Applied"
"10.1037/1076-898x.6.1.3",2000,"Journal of Experimental Psychology: Applied"
"10.1037/1076-898x.6.1.3",2000,"Journal of Experimental Psychology: Applied"
"10.1037/1076-898x.6.1.3",2000,"Journal of Experimental Psychology: Applied"
"10.1037/1076-898x.6.1.3",2000,"Journal of Experimental Psychology: Applied"
"10.1037/1076-898x.6.1.3",2000,"Journal of Experimental Psychology: Applied"
"10.1037/1076-898x.6.1.3",2000,"Journal of Experimental Psychology: Applied"
"10.1037/1076-898x.9.1.3",2003,"Journal of Experimental Psychology: Applied"
"10.1037/1076-898x.9.1.3",2003,"Journal of Experimental Psychology: Applied"
"10.1037/1076-898x.9.1.3",2003,"Journal of Experimental Psychology: Applied"
"10.1037/1076-898x.9.1.3",2003,"Journal of Experimental Psychology: Applied"
"10.1037/1076-898x.9.1.3",2003,"Journal of Experimental Psychology: Applied"
"10.1037/1076-898x.9.1.3",2003,"Journal of Experimental Psychology: Applied"
"10.1037/1082-989x.12.1.1",2007,"Psychological Methods"
"10.1037/1082-989x.12.1.1",2007,"Psychological Methods"
"10.1037/1082-989x.12.1.1",2007,"Psychological Methods"
"10.1037/1082-989x.12.1.1",2007,"Psychological Methods"
"10.1037/1082-989x.12.1.1",2007,"Psychological Methods"
"10.1037/1082-989x.12.1.1",2007,"Psychological Methods"
"10.1037/1082-989x.12.1.1",2007,"Psychological Methods"
"10.1037/1082-989x.12.1.1",2007,"Psychological Methods"
"10.1037/1082-989x.12.1.1",2007,"Psychological Methods"
"10.1037/1082-989x.12.1.1",2007,"Psychological Methods"
"10.1037/1082-989x.12.1.1",2007,"Psychological Methods"
"10.1037/1082-989x.12.1.1",2007,"Psychological Methods"
"10.1037/1082-989x.12.1.1",2007,"Psychological Methods"
"10.1037/1082-989x.12.1.1",2007,"Psychological Methods"
"10.1037/1082-989x.12.1.1",2007,"Psychological Methods"
"10.1037/1082-989x.12.1.1",2007,"Psychological Methods"
"10.1037/1082-989x.13.2.171",2008,"Psychological Methods"
"10.1037/1082-989x.2.1.3",1997,"Psychological Methods"
"10.1037/1082-989x.2.1.3",1997,"Psychological Methods"
"10.1037/1082-989x.2.1.3",1997,"Psychological Methods"
"10.1037/1082-989x.2.1.3",1997,"Psychological Methods"
"10.1037/1082-989x.2.1.3",1997,"Psychological Methods"
"10.1037/1082-989x.2.1.3",1997,"Psychological Methods"
"10.1037/1082-989x.2.1.3",1997,"Psychological Methods"
"10.1037/1082-989x.3.1.3",1998,"Psychological Methods"
"10.1037/1082-989x.3.1.3",1998,"Psychological Methods"
"10.1037/1082-989x.3.1.3",1998,"Psychological Methods"
"10.1037/1082-989x.3.1.3",1998,"Psychological Methods"
"10.1037/1082-989x.3.1.3",1998,"Psychological Methods"
"10.1037/1082-989x.3.1.3",1998,"Psychological Methods"
"10.1037/1082-989x.3.1.3",1998,"Psychological Methods"
"10.1037/1082-989x.3.1.3",1998,"Psychological Methods"
"10.1037/1082-989x.3.1.3",1998,"Psychological Methods"
"10.1037/2157-3883.1.s.3",2011,"International Perspectives in Psychology: Research, Practice, Consultation"
"10.1037/2157-3883.1.s.3",2011,"International Perspectives in Psychology: Research, Practice, Consultation"
"10.1037/2157-3883.1.s.3",2011,"International Perspectives in Psychology: Research, Practice, Consultation"
"10.1037/2157-3883.1.s.3",2011,"International Perspectives in Psychology: Research, Practice, Consultation"
"10.1037/2157-3883.1.s.3",2011,"International Perspectives in Psychology: Research, Practice, Consultation"
"10.1037/2157-3883.1.s.3",2011,"International Perspectives in Psychology: Research, Practice, Consultation"
"10.1037/2157-3883.1.s.3",2011,"International Perspectives in Psychology: Research, Practice, Consultation"
"10.1037/2157-3883.1.s.3",2011,"International Perspectives in Psychology: Research, Practice, Consultation"
"10.1037/2157-3883.1.s.3",2011,"International Perspectives in Psychology: Research, Practice, Consultation"
"10.1037/2157-3883.1.s.3",2011,"International Perspectives in Psychology: Research, Practice, Consultation"
"10.1037/2157-3883.1.s.3",2011,"International Perspectives in Psychology: Research, Practice, Consultation"
"10.1037/2157-3883.1.s.3",2011,"International Perspectives in Psychology: Research, Practice, Consultation"
"10.1037/2157-3883.1.s.3",2011,"International Perspectives in Psychology: Research, Practice, Consultation"
"10.1037/2160-4096.1.s.3",2011,"Couple and Family Psychology: Research and Practice"
"10.1037/2160-4096.1.s.3",2011,"Couple and Family Psychology: Research and Practice"
"10.1037/2160-4096.1.s.3",2011,"Couple and Family Psychology: Research and Practice"
"10.1037/2160-4096.1.s.3",2011,"Couple and Family Psychology: Research and Practice"
"10.1037/2160-4096.1.s.3",2011,"Couple and Family Psychology: Research and Practice"
"10.1037/2160-4096.1.s.3",2011,"Couple and Family Psychology: Research and Practice"
"10.1037/2160-4096.1.s.3",2011,"Couple and Family Psychology: Research and Practice"
"10.1037/2160-4096.1.s.3",2011,"Couple and Family Psychology: Research and Practice"
"10.1037/2160-4096.1.s.3",2011,"Couple and Family Psychology: Research and Practice"
"10.1037/2160-4096.1.s.3",2011,"Couple and Family Psychology: Research and Practice"
"10.1037/2160-4096.1.s.3",2011,"Couple and Family Psychology: Research and Practice"
"10.1037/2160-4096.1.s.3",2011,"Couple and Family Psychology: Research and Practice"
"10.1037/2160-4096.1.s.3",2011,"Couple and Family Psychology: Research and Practice"
"10.1037/2160-4096.1.s.3",2011,"Couple and Family Psychology: Research and Practice"
"10.1037/2160-4096.1.s.3",2011,"Couple and Family Psychology: Research and Practice"
"10.1037/2160-4096.1.s.3",2011,"Couple and Family Psychology: Research and Practice"
"10.1037/2160-4096.1.s.3",2011,"Couple and Family Psychology: Research and Practice"
"10.1037/2160-4096.1.s.3",2011,"Couple and Family Psychology: Research and Practice"
"10.1037/2160-4096.1.s.3",2011,"Couple and Family Psychology: Research and Practice"
"10.1037/2160-4096.1.s.3",2011,"Couple and Family Psychology: Research and Practice"
"10.1037/2160-4096.1.s.3",2011,"Couple and Family Psychology: Research and Practice"
"10.1037/2168-1678.1.s.3",2012,"Journal of Latina/o Psychology"
"10.1037/2168-1678.1.s.3",2012,"Journal of Latina/o Psychology"
"10.1037/2168-1678.1.s.3",2012,"Journal of Latina/o Psychology"
"10.1037/2168-1678.1.s.3",2012,"Journal of Latina/o Psychology"
"10.1037/2168-1678.1.s.3",2012,"Journal of Latina/o Psychology"
"10.1037/2168-1678.1.s.3",2012,"Journal of Latina/o Psychology"
"10.1037/2168-1678.1.s.3",2012,"Journal of Latina/o Psychology"
"10.1037/2168-1678.1.s.3",2012,"Journal of Latina/o Psychology"
"10.1037/2168-1678.1.s.3",2012,"Journal of Latina/o Psychology"
"10.1037/2168-1678.1.s.3",2012,"Journal of Latina/o Psychology"
"10.1037/2168-1678.1.s.3",2012,"Journal of Latina/o Psychology"
"10.1037/2168-1678.1.s.3",2012,"Journal of Latina/o Psychology"
"10.1037/2168-1678.1.s.3",2012,"Journal of Latina/o Psychology"
"10.1037/2325-9965.1.s.2",2013,"Decision"
"10.1037/2325-9965.1.s.2",2013,"Decision"
"10.1037/2325-9965.1.s.2",2013,"Decision"
"10.1037/2325-9965.1.s.2",2013,"Decision"
"10.1037/2325-9965.1.s.2",2013,"Decision"
"10.1037/2325-9965.1.s.2",2013,"Decision"
"10.1037/2325-9965.1.s.2",2013,"Decision"
"10.1037/2325-9965.1.s.2",2013,"Decision"
"10.1037/2325-9965.1.s.8",2013,"Decision"
"10.1037/2325-9965.1.s.8",2013,"Decision"
"10.1037/2325-9965.1.s.8",2013,"Decision"
"10.1037/2325-9965.1.s.8",2013,"Decision"
